order_id,customer_id,age,product_id,country,signup_date,last_purchase_date,cancellations_count,subscription_status,order_date,unit_price,quantity,purchase_frequency,preferred_category,product_name,category,gender,Days_Since_Last_Purchase,Total_Spend,Customer_Status
ORD5000,CUST1000,39,PROD200,Canada,1/7/2021,2/21/2023,0,active,8/20/2024,78.21,5,37,Sports,Football,Sports,Female,567,391.04999999999995,Churned
ORD5001,CUST1001,61,PROD201,USA,10/19/2020,12/8/2021,0,active,7/17/2025,64.02,8,35,Sports,Refrigerator,Home,Female,1007,512.16,Churned
ORD5002,CUST1002,26,PROD202,Pakistan,6/10/2023,9/4/2023,3,cancelled,3/12/2025,604.14,2,44,Electronics,Hoodie,Clothing,Female,372,1208.28,Churned
ORD5003,CUST1003,54,PROD203,India,7/30/2023,2/20/2024,4,paused,9/19/2024,84.66,4,1,Sports,Conditioner,Beauty,Male,203,338.64,Churned
ORD5004,CUST1004,50,PROD204,India,12/9/2020,9/14/2024,0,active,8/8/2024,62.66,7,35,Sports,Smartwatch,Electronics,Male,-4,438.62,Active
ORD5005,CUST1005,46,PROD205,Pakistan,5/16/2023,8/13/2025,2,active,10/14/2024,221.61,8,16,Electronics,Hoodie,Clothing,Male,-337,1772.88,Active
ORD5006,CUST1006,29,PROD206,Germany,4/10/2023,7/15/2025,1,active,3/5/2024,175.74,4,7,Clothing,Tablet,Electronics,Female,-308,702.96,Active
ORD5007,CUST1007,24,PROD207,UK,7/11/2022,12/31/2024,2,active,3/21/2025,9.56,5,34,Clothing,Jacket,Clothing,Female,-112,47.800000000000004,Active
ORD5008,CUST1008,53,PROD208,Pakistan,4/25/2021,12/26/2024,4,paused,12/14/2023,1525.8,1,32,Electronics,"Nail Polish",Beauty,Female,-107,1525.8,Active
ORD5009,CUST1009,38,PROD209,Germany,12/9/2021,11/29/2024,2,active,12/24/2021,337.24,4,6,Clothing,Camera,Electronics,Male,-80,1348.96,Active
ORD5010,CUST1010,41,PROD210,UK,10/4/2020,8/2/2022,2,active,11/23/2023,203.05,6,38,Home,Dumbbells,Sports,Female,770,1218.3000000000002,Churned
ORD5011,CUST1011,24,PROD211,Canada,2/12/2022,3/12/2025,1,active,5/30/2025,940.17,1,24,Beauty,Headphones,Electronics,Female,-183,940.17,Active
ORD5012,CUST1012,39,PROD212,Canada,12/20/2020,1/16/2023,2,active,8/7/2021,168.79,9,36,Beauty,"Vacuum Cleaner",Home,Female,603,1519.11,Churned
ORD5013,CUST1013,61,PROD213,USA,2/19/2021,12/9/2024,3,active,1/26/2024,236.77,8,5,Sports,Perfume,Beauty,Female,-90,1894.16,Active
ORD5014,CUST1014,64,PROD214,UK,2/27/2021,4/24/2025,1,active,12/6/2023,130.32,6,20,Clothing,"Cycling Helmet",Sports,Female,-226,781.92,Active
ORD5015,CUST1015,28,PROD215,UK,12/31/2021,11/15/2023,5,cancelled,11/30/2024,333.99,3,27,Home,"Face Wash",Beauty,Female,300,1001.97,Churned
ORD5016,CUST1016,34,PROD216,USA,7/6/2021,8/2/2025,1,active,6/19/2024,1875.08,1,31,Sports,Football,Sports,Female,-326,1875.08,Active
ORD5017,CUST1017,22,PROD217,Pakistan,9/14/2021,8/4/2024,0,cancelled,1/27/2024,211.24,6,18,Electronics,"Cricket Bat",Sports,Male,37,1267.44,Active
ORD5018,CUST1018,42,PROD218,USA,5/25/2023,1/9/2025,5,paused,8/13/2025,1702.39,1,14,Clothing,Sneakers,Clothing,Male,-121,1702.39,Active
ORD5019,CUST1019,51,PROD219,India,9/14/2022,8/13/2025,0,paused,10/27/2024,199.58,8,41,Clothing,Refrigerator,Home,Female,-337,1596.64,Active
ORD5020,CUST1020,64,PROD220,Canada,3/13/2022,1/23/2024,4,active,5/6/2022,242.03,6,2,Electronics,"Cricket Bat",Sports,Female,231,1452.18,Churned
ORD5021,CUST1021,52,PROD221,Germany,2/2/2021,6/20/2022,1,paused,8/20/2024,50.78,7,9,Home,Dress,Clothing,Male,813,355.46000000000004,Churned
ORD5022,CUST1022,28,PROD222,Germany,6/9/2022,8/5/2022,2,active,2/6/2024,89.87,6,39,Home,Smartphone,Electronics,Female,767,539.22,Churned
ORD5023,CUST1023,25,PROD223,Germany,5/4/2021,6/11/2025,5,active,7/11/2025,52.34,8,16,Electronics,Camera,Electronics,Male,-274,418.72,Active
ORD5024,CUST1024,45,PROD224,Germany,4/14/2022,1/29/2023,2,active,5/21/2024,232.67,3,20,Clothing,Lipstick,Beauty,Male,590,698.01,Churned
ORD5025,CUST1025,49,PROD225,India,11/7/2021,6/9/2022,3,cancelled,9/26/2022,142.89,5,40,Clothing,Sneakers,Clothing,Male,824,714.4499999999999,Churned
ORD5026,CUST1026,27,PROD226,Germany,5/15/2023,5/5/2025,0,paused,8/26/2024,44.69,7,28,Beauty,T-Shirt,Clothing,Male,-237,312.83,Active
ORD5027,CUST1027,69,PROD227,Pakistan,3/23/2021,2/25/2022,4,cancelled,11/13/2024,139.3,7,42,Clothing,"Tennis Racket",Sports,Male,928,975.1000000000001,Churned
ORD5028,CUST1028,66,PROD228,India,6/2/2021,4/3/2025,1,active,1/17/2022,149.65,8,45,Electronics,Sofa,Home,Male,-205,1197.2,Active
ORD5029,CUST1029,43,PROD229,Canada,8/22/2020,3/22/2024,3,cancelled,8/6/2021,157.1,6,14,Electronics,Laptop,Electronics,Female,172,942.5999999999999,Churned
ORD5030,CUST1030,18,PROD230,Germany,4/19/2021,6/1/2021,5,active,3/4/2023,182.53,9,24,Clothing,Basketball,Sports,Male,1197,1642.77,Churned
ORD5031,CUST1031,37,PROD231,Canada,8/19/2021,7/22/2023,4,paused,9/7/2024,31.95,1,9,Home,Dress,Clothing,Male,416,31.95,Churned
ORD5032,CUST1032,52,PROD232,Germany,2/9/2021,7/27/2021,0,cancelled,11/10/2023,804.77,2,26,Beauty,"Cycling Helmet",Sports,Female,1141,1609.54,Churned
ORD5033,CUST1033,50,PROD233,Canada,3/25/2022,9/25/2022,5,active,9/5/2022,332.38,5,29,Home,Shirt,Clothing,Male,716,1661.9,Churned
ORD5034,CUST1034,49,PROD234,UK,2/26/2021,4/22/2025,5,active,10/18/2021,1292.65,1,12,Electronics,"Cricket Bat",Sports,Female,-224,1292.65,Active
ORD5035,CUST1035,48,PROD235,India,7/11/2021,11/23/2023,3,active,6/3/2024,36.39,7,24,Electronics,Tablet,Electronics,Female,292,254.73000000000002,Churned
ORD5036,CUST1036,42,PROD236,UK,8/3/2023,1/14/2024,0,paused,9/22/2024,79.19,7,13,Home,Camera,Electronics,Male,240,554.3299999999999,Churned
ORD5037,CUST1037,66,PROD237,India,3/25/2023,5/16/2023,3,active,12/29/2024,94.06,4,48,Sports,Blender,Home,Male,483,376.24,Churned
ORD5038,CUST1038,25,PROD238,Pakistan,2/17/2022,6/29/2023,3,paused,3/13/2022,786.48,2,11,Sports,Basketball,Sports,Female,439,1572.96,Churned
ORD5039,CUST1039,40,PROD239,India,12/4/2022,12/13/2024,5,active,6/5/2025,20.55,6,47,Beauty,Sneakers,Clothing,Female,-94,123.30000000000001,Active
ORD5040,CUST1040,31,PROD240,USA,5/8/2023,8/6/2025,3,active,10/9/2023,203.23,5,45,Beauty,Sneakers,Clothing,Male,-330,1016.15,Active
ORD5041,CUST1041,55,PROD241,Pakistan,7/19/2022,3/28/2025,5,active,12/2/2024,65.07,7,5,Sports,Dumbbells,Sports,Female,-199,455.48999999999995,Active
ORD5042,CUST1042,57,PROD242,Germany,5/23/2023,3/15/2025,4,paused,8/25/2023,1954.64,1,36,Home,"Cricket Bat",Sports,Other,-186,1954.64,Active
ORD5043,CUST1043,55,PROD243,UK,4/22/2023,5/28/2024,4,active,12/24/2024,18.98,7,45,Sports,Smartphone,Electronics,Female,105,132.86,Churned
ORD5044,CUST1044,47,PROD244,Germany,3/11/2022,12/11/2023,5,cancelled,7/9/2025,654.56,3,48,Beauty,Football,Sports,Male,274,1963.6799999999998,Churned
ORD5045,CUST1045,29,PROD245,Pakistan,11/30/2020,5/22/2022,0,active,10/24/2023,334.17,5,6,Home,Headphones,Electronics,Male,842,1670.8500000000001,Churned
ORD5046,CUST1046,19,PROD246,Pakistan,3/21/2023,1/14/2025,0,active,4/29/2024,219.75,5,37,Beauty,Jacket,Clothing,Female,-126,1098.75,Active
ORD5047,CUST1047,38,PROD247,Canada,7/13/2021,7/9/2022,1,active,7/23/2021,223.05,7,23,Home,Lamp,Home,Male,794,1561.3500000000001,Churned
ORD5048,CUST1048,48,PROD248,Pakistan,4/10/2023,4/18/2025,5,paused,6/9/2025,149.88,4,35,Sports,Headphones,Electronics,Male,-220,599.52,Active
ORD5049,CUST1049,58,PROD249,Germany,6/17/2022,1/4/2025,4,active,11/26/2024,165.27,9,30,Sports,"Bluetooth Speaker",Electronics,Male,-116,1487.43,Active
ORD5050,CUST1050,27,PROD250,Pakistan,8/29/2020,8/15/2024,0,paused,2/9/2023,222.62,8,37,Beauty,"Gaming Console",Electronics,Female,26,1780.96,Active
ORD5051,CUST1051,54,PROD251,Canada,12/5/2022,7/13/2023,2,active,6/5/2025,45.17,2,14,Beauty,"Bluetooth Speaker",Electronics,Male,425,90.34,Churned
ORD5052,CUST1052,67,PROD252,USA,9/9/2020,5/28/2025,3,active,3/19/2022,136.95,8,4,Clothing,Basketball,Sports,Female,-260,1095.6,Active
ORD5053,CUST1053,51,PROD253,Canada,10/5/2020,8/16/2021,4,cancelled,4/3/2025,323.04,3,8,Beauty,"Nail Polish",Beauty,Female,1121,969.1200000000001,Churned
ORD5054,CUST1054,59,PROD254,UK,5/3/2023,4/26/2024,0,cancelled,12/24/2023,104,3,1,Electronics,Smartphone,Electronics,Male,137,312,Churned
ORD5055,CUST1055,42,PROD255,USA,4/9/2022,8/4/2022,4,cancelled,4/10/2023,251.6,3,23,Beauty,Lamp,Home,Female,768,754.8,Churned
ORD5056,CUST1056,38,PROD256,USA,8/15/2023,12/28/2023,0,active,4/18/2025,472.04,2,17,Electronics,Shirt,Clothing,Male,257,944.08,Churned
ORD5057,CUST1057,23,PROD257,Germany,2/27/2023,2/11/2025,5,active,3/14/2023,21.85,8,1,Home,"Tennis Racket",Sports,Female,-154,174.8,Active
ORD5058,CUST1058,18,PROD258,USA,4/22/2021,5/18/2023,3,active,2/4/2023,295.22,5,18,Electronics,Jeans,Clothing,Male,481,1476.1000000000001,Churned
ORD5059,CUST1059,41,PROD259,Canada,8/30/2020,9/2/2023,0,paused,9/30/2023,362.26,5,13,Beauty,"Running Shoes",Sports,Female,374,1811.3,Churned
ORD5060,CUST1060,35,PROD260,Canada,8/16/2021,9/21/2021,1,cancelled,11/22/2021,286.73,6,42,Beauty,"Cycling Helmet",Sports,Female,1085,1720.38,Churned
ORD5061,CUST1061,39,PROD261,Canada,12/29/2021,1/10/2024,3,active,4/5/2022,34.68,9,2,Home,Smartphone,Electronics,Female,244,312.12,Churned
ORD5062,CUST1062,33,PROD262,UK,9/9/2021,2/2/2024,4,paused,11/14/2022,370.97,4,13,Electronics,Sneakers,Clothing,Female,221,1483.88,Churned
ORD5063,CUST1063,34,PROD263,Canada,11/26/2020,3/10/2022,4,active,8/17/2021,841.95,2,9,Sports,Camera,Electronics,Female,915,1683.9,Churned
ORD5064,CUST1064,22,PROD264,Germany,7/8/2022,2/3/2023,4,cancelled,3/31/2024,1795.65,1,16,Clothing,Sofa,Home,Female,585,1795.65,Churned
ORD5065,CUST1065,56,PROD265,Pakistan,11/16/2020,6/12/2025,1,paused,8/15/2022,459.56,3,7,Sports,Smartwatch,Electronics,Male,-275,1378.68,Active
ORD5066,CUST1066,54,PROD266,Pakistan,7/13/2023,4/10/2024,3,cancelled,8/8/2024,193.86,5,9,Home,Hoodie,Clothing,Female,153,969.3000000000001,Churned
ORD5067,CUST1067,66,PROD267,UK,9/24/2021,10/30/2024,4,active,6/22/2024,180.63,3,39,Clothing,"Cycling Helmet",Sports,Female,-50,541.89,Active
ORD5068,CUST1068,45,PROD268,Canada,5/27/2023,9/11/2024,5,active,9/28/2024,1217.67,1,40,Home,Lipstick,Beauty,Other,-1,1217.67,Active
ORD5069,CUST1069,19,PROD269,Canada,1/25/2022,6/29/2025,4,active,1/7/2025,262.1,6,33,Clothing,Smartwatch,Electronics,Male,-292,1572.6000000000001,Active
ORD5070,CUST1070,33,PROD270,India,7/29/2023,12/18/2024,3,active,4/17/2025,466.13,3,25,Home,Jeans,Clothing,Female,-99,1398.3899999999999,Active
ORD5071,CUST1071,62,PROD271,India,10/9/2021,3/1/2024,2,active,12/25/2022,365.16,3,13,Sports,Laptop,Electronics,Female,193,1095.48,Churned
ORD5072,CUST1072,34,PROD272,Canada,12/14/2020,4/1/2021,3,active,7/10/2023,24.08,5,28,Beauty,"Bluetooth Speaker",Electronics,Male,1258,120.39999999999999,Churned
ORD5073,CUST1073,57,PROD273,Pakistan,11/1/2021,10/20/2022,0,cancelled,7/21/2025,167.47,5,13,Sports,Sofa,Home,Male,691,837.35,Churned
ORD5074,CUST1074,21,PROD274,India,8/19/2021,5/21/2025,2,active,9/11/2022,44.36,6,27,Sports,"Bluetooth Speaker",Electronics,Female,-253,266.15999999999997,Active
ORD5075,CUST1075,43,PROD275,USA,8/20/2022,2/20/2024,1,cancelled,8/16/2023,157.7,5,32,Home,Dumbbells,Sports,Female,203,788.5,Churned
ORD5076,CUST1076,63,PROD276,USA,5/3/2021,8/6/2022,5,cancelled,7/30/2025,244.5,6,19,Clothing,Blender,Home,Male,766,1467,Churned
ORD5077,CUST1077,35,PROD277,UK,7/17/2021,12/8/2024,2,cancelled,10/28/2024,1519.11,1,47,Sports,Tablet,Electronics,Female,-89,1519.11,Active
ORD5078,CUST1078,55,PROD278,UK,4/11/2021,12/29/2023,2,cancelled,8/6/2024,160.26,8,44,Beauty,"Face Wash",Beauty,Female,256,1282.08,Churned
ORD5079,CUST1079,54,PROD279,Germany,10/5/2020,5/21/2025,5,active,4/6/2024,154,7,21,Sports,Foundation,Beauty,Male,-253,1078,Active
ORD5080,CUST1080,53,PROD280,Germany,11/2/2021,10/10/2023,0,active,10/2/2024,119.16,7,4,Electronics,Perfume,Beauty,Male,336,834.12,Churned
ORD5081,CUST1081,20,PROD281,USA,7/1/2023,12/18/2023,5,active,2/16/2025,68.21,5,8,Home,Refrigerator,Home,Male,267,341.04999999999995,Churned
ORD5082,CUST1082,18,PROD282,UK,9/23/2021,2/20/2022,0,active,6/7/2025,112.63,7,20,Electronics,Headphones,Electronics,Male,933,788.41,Churned
ORD5083,CUST1083,44,PROD283,UK,10/3/2021,11/8/2023,0,active,4/23/2022,269.36,6,16,Beauty,Basketball,Sports,Female,307,1616.16,Churned
ORD5084,CUST1084,20,PROD284,Pakistan,12/2/2021,4/26/2025,0,active,12/14/2023,1032.49,1,1,Sports,Dress,Clothing,Male,-228,1032.49,Active
ORD5085,CUST1085,51,PROD285,Germany,4/4/2021,11/27/2023,0,active,9/1/2022,253.07,2,7,Sports,Tablet,Electronics,Female,288,506.14,Churned
ORD5086,CUST1086,55,PROD286,Germany,1/15/2021,6/21/2024,1,active,8/25/2021,189.41,8,3,Home,Laptop,Electronics,Female,81,1515.28,"At Risk"
ORD5087,CUST1087,52,PROD287,Pakistan,4/5/2022,6/20/2023,1,cancelled,3/27/2024,1495.51,1,45,Home,Refrigerator,Home,Female,448,1495.51,Churned
ORD5088,CUST1088,31,PROD288,Germany,10/16/2021,11/8/2022,4,cancelled,12/7/2024,384.7,2,38,Home,"Gaming Console",Electronics,Female,672,769.4,Churned
ORD5089,CUST1089,46,PROD289,India,8/28/2021,9/7/2023,5,active,1/16/2024,256.4,6,29,Home,Sofa,Home,Male,369,1538.3999999999999,Churned
ORD5090,CUST1090,61,PROD290,Pakistan,7/7/2023,8/8/2023,0,active,7/14/2025,289.7,4,14,Clothing,Chair,Home,Female,399,1158.8,Churned
ORD5091,CUST1091,30,PROD291,Canada,2/27/2021,6/26/2023,2,active,2/25/2024,27,5,8,Electronics,"Dining Table",Home,Female,442,135,Churned
ORD5092,CUST1092,56,PROD292,Canada,9/13/2021,5/22/2022,2,active,11/29/2024,279.83,3,28,Clothing,Moisturizer,Beauty,Female,842,839.49,Churned
ORD5093,CUST1093,24,PROD293,Canada,5/29/2023,6/28/2024,0,paused,10/22/2024,290.29,5,30,Sports,Headphones,Electronics,Male,74,1451.45,"At Risk"
ORD5094,CUST1094,68,PROD294,Pakistan,7/14/2022,12/25/2024,2,active,7/5/2024,259.26,6,38,Home,"Yoga Mat",Sports,Female,-106,1555.56,Active
ORD5095,CUST1095,52,PROD295,Canada,10/20/2022,11/11/2024,5,cancelled,7/9/2025,159.25,5,40,Sports,"Gaming Console",Electronics,Male,-62,796.25,Active
ORD5096,CUST1096,43,PROD296,USA,2/15/2021,10/19/2021,0,active,1/25/2025,62.41,3,30,Sports,"Tennis Racket",Sports,Female,1057,187.23,Churned
ORD5097,CUST1097,35,PROD297,Pakistan,3/31/2021,11/21/2022,4,active,5/22/2022,107.73,5,26,Home,Smartwatch,Electronics,Male,659,538.65,Churned
ORD5098,CUST1098,66,PROD298,Germany,9/15/2021,8/7/2022,5,paused,5/28/2022,556.57,2,40,Sports,T-Shirt,Clothing,Male,765,1113.14,Churned
ORD5099,CUST1099,32,PROD299,UK,9/18/2021,4/15/2022,2,active,1/19/2022,990.57,1,5,Sports,Headphones,Electronics,Female,879,990.57,Churned
ORD5100,CUST1100,57,PROD300,UK,11/28/2020,1/20/2024,2,cancelled,3/10/2022,140.71,6,26,Home,"Nail Polish",Beauty,Female,234,844.26,Churned
ORD5101,CUST1101,49,PROD301,USA,4/15/2022,9/20/2024,2,active,3/9/2025,38.59,9,48,Sports,"Yoga Mat",Sports,Male,-10,347.31000000000006,Active
ORD5102,CUST1102,62,PROD302,USA,8/14/2023,7/8/2024,1,active,5/18/2025,196.79,8,35,Clothing,Moisturizer,Beauty,Female,64,1574.32,"At Risk"
ORD5103,CUST1103,36,PROD303,Germany,6/18/2023,4/6/2025,4,active,1/27/2024,84.34,5,41,Sports,Basketball,Sports,Female,-208,421.70000000000005,Active
ORD5104,CUST1104,51,PROD304,USA,7/27/2022,10/17/2023,2,paused,1/4/2025,760.96,1,13,Electronics,Foundation,Beauty,Male,329,760.96,Churned
ORD5105,CUST1105,54,PROD305,India,10/1/2022,11/10/2024,4,active,3/12/2024,716.3,2,24,Home,Smartphone,Electronics,Female,-61,1432.6,Active
ORD5106,CUST1106,27,PROD306,UK,9/15/2022,2/21/2025,0,cancelled,6/28/2025,396.36,5,34,Sports,Chair,Home,Female,-164,1981.8000000000002,Active
ORD5107,CUST1107,42,PROD307,Germany,10/16/2020,3/8/2022,0,active,7/4/2021,805.84,2,39,Home,"Cycling Helmet",Sports,Female,917,1611.68,Churned
ORD5108,CUST1108,51,PROD308,India,7/4/2022,11/11/2024,3,cancelled,7/23/2024,107.67,4,26,Clothing,"Vacuum Cleaner",Home,Other,-62,430.68,Active
ORD5109,CUST1109,39,PROD309,India,11/6/2022,4/5/2024,1,cancelled,9/14/2024,233.34,6,44,Clothing,Perfume,Beauty,Male,158,1400.04,Churned
ORD5110,CUST1110,23,PROD310,Canada,10/29/2022,8/21/2023,1,active,4/5/2024,353.8,3,11,Electronics,Perfume,Beauty,Female,386,1061.4,Churned
ORD5111,CUST1111,59,PROD311,India,1/27/2023,12/26/2023,0,paused,1/11/2025,221.28,8,41,Clothing,Jeans,Clothing,Female,259,1770.24,Churned
ORD5112,CUST1112,29,PROD312,Canada,2/13/2021,10/5/2023,4,paused,11/27/2024,247.78,8,28,Electronics,Lipstick,Beauty,Female,341,1982.24,Churned
ORD5113,CUST1113,50,PROD313,India,8/11/2023,3/7/2025,0,cancelled,10/26/2023,1810.76,1,13,Clothing,"Yoga Mat",Sports,Male,-178,1810.76,Active
ORD5114,CUST1114,31,PROD314,Pakistan,12/16/2021,5/27/2023,3,active,11/1/2023,164.62,6,15,Sports,Sofa,Home,Female,472,987.72,Churned
ORD5115,CUST1115,65,PROD315,Canada,7/26/2022,10/1/2022,3,active,6/15/2023,57.48,5,42,Beauty,Tablet,Electronics,Female,710,287.4,Churned
ORD5116,CUST1116,28,PROD316,Canada,11/29/2022,9/28/2024,0,active,5/16/2024,431.26,3,3,Electronics,"Vacuum Cleaner",Home,Female,-18,1293.78,Active
ORD5117,CUST1117,31,PROD317,Germany,12/30/2020,6/9/2021,0,cancelled,3/2/2023,205.69,8,7,Clothing,Dress,Clothing,Male,1189,1645.52,Churned
ORD5118,CUST1118,45,PROD318,Canada,3/1/2022,9/17/2024,1,active,8/22/2022,338.72,1,22,Home,Hoodie,Clothing,Male,-7,338.72,Active
ORD5119,CUST1119,19,PROD319,USA,9/12/2021,6/28/2024,1,active,10/24/2022,174.49,9,25,Clothing,Lipstick,Beauty,Female,74,1570.41,"At Risk"
ORD5120,CUST1120,64,PROD320,Pakistan,11/16/2020,8/6/2022,5,cancelled,7/6/2024,102.01,6,1,Electronics,Tablet,Electronics,Male,766,612.0600000000001,Churned
ORD5121,CUST1121,23,PROD321,UK,10/30/2022,4/27/2024,5,active,2/18/2023,389.99,5,3,Home,Shirt,Clothing,Male,136,1949.95,Churned
ORD5122,CUST1122,22,PROD322,UK,12/3/2022,12/19/2024,2,cancelled,12/7/2022,21.57,6,49,Sports,"Face Wash",Beauty,Male,-100,129.42000000000002,Active
ORD5123,CUST1123,68,PROD323,USA,4/25/2023,9/24/2024,1,cancelled,3/26/2025,649.18,2,38,Electronics,"Gaming Console",Electronics,Male,-14,1298.36,Active
ORD5124,CUST1124,61,PROD324,Canada,2/19/2023,4/23/2025,3,cancelled,7/29/2025,964.88,2,5,Clothing,"Running Shoes",Sports,Female,-225,1929.76,Active
ORD5125,CUST1125,52,PROD325,UK,5/20/2023,2/8/2024,0,active,5/11/2025,201.06,8,28,Home,Lamp,Home,Male,215,1608.48,Churned
ORD5126,CUST1126,35,PROD326,UK,6/9/2021,10/18/2024,1,active,5/31/2022,178.81,1,41,Electronics,Smartwatch,Electronics,Female,-38,178.81,Active
ORD5127,CUST1127,45,PROD327,Germany,7/25/2022,2/27/2023,2,cancelled,11/14/2023,167.69,5,49,Electronics,Headphones,Electronics,Female,561,838.45,Churned
ORD5128,CUST1128,49,PROD328,Germany,9/28/2022,10/12/2022,2,active,3/3/2024,19.56,6,43,Beauty,"Bluetooth Speaker",Electronics,Female,699,117.35999999999999,Churned
ORD5129,CUST1129,31,PROD329,UK,4/24/2021,1/10/2024,0,active,8/4/2023,170.27,3,34,Electronics,Shampoo,Beauty,Male,244,510.81000000000006,Churned
ORD5130,CUST1130,33,PROD330,Germany,10/20/2022,8/7/2024,3,cancelled,10/31/2022,968.05,2,3,Clothing,Smartwatch,Electronics,Male,34,1936.1,Active
ORD5131,CUST1131,21,PROD331,UK,11/8/2021,1/25/2025,0,cancelled,4/14/2025,184.34,6,13,Home,Tablet,Electronics,Female,-137,1106.04,Active
ORD5132,CUST1132,59,PROD332,USA,7/13/2022,6/12/2023,3,active,8/8/2025,332.14,4,3,Electronics,Skirt,Clothing,Female,456,1328.56,Churned
ORD5133,CUST1133,46,PROD333,Germany,6/29/2021,11/4/2022,2,active,6/2/2025,42.65,5,34,Home,"Tennis Racket",Sports,Female,676,213.25,Churned
ORD5134,CUST1134,35,PROD334,UK,9/5/2021,11/18/2024,1,active,11/28/2022,21.3,9,43,Beauty,"Cycling Helmet",Sports,Male,-69,191.70000000000002,Active
ORD5135,CUST1135,51,PROD335,USA,5/20/2023,5/17/2024,5,cancelled,6/25/2024,111.78,7,28,Clothing,Microwave,Home,Male,116,782.46,Churned
ORD5136,CUST1136,51,PROD336,India,1/10/2022,7/8/2022,1,active,4/6/2023,103.26,7,25,Beauty,"Face Wash",Beauty,Female,795,722.82,Churned
ORD5137,CUST1137,39,PROD337,USA,5/2/2021,7/11/2024,3,active,6/30/2025,5.48,9,11,Electronics,Headphones,Electronics,Female,61,49.32000000000001,"At Risk"
ORD5138,CUST1138,36,PROD338,Germany,4/7/2023,5/9/2023,3,active,7/11/2025,151.96,5,16,Sports,"Cycling Helmet",Sports,Female,490,759.8000000000001,Churned
ORD5139,CUST1139,49,PROD339,Pakistan,6/7/2023,7/19/2023,3,active,3/23/2025,152.78,9,12,Electronics,Sneakers,Clothing,Female,419,1375.02,Churned
ORD5140,CUST1140,55,PROD340,UK,2/14/2022,2/25/2024,2,active,12/5/2024,179.86,7,3,Clothing,"Cycling Helmet",Sports,Male,198,1259.02,Churned
ORD5141,CUST1141,19,PROD341,Germany,3/24/2023,11/3/2024,4,cancelled,12/30/2023,218.72,8,9,Clothing,Sneakers,Clothing,Female,-54,1749.76,Active
ORD5142,CUST1142,47,PROD342,UK,6/2/2023,3/28/2025,0,cancelled,8/24/2023,177.72,4,46,Clothing,T-Shirt,Clothing,Female,-199,710.88,Active
ORD5143,CUST1143,53,PROD343,India,10/20/2021,4/26/2025,5,active,9/16/2024,224.37,4,30,Electronics,Conditioner,Beauty,Female,-228,897.48,Active
ORD5144,CUST1144,46,PROD344,India,11/10/2021,6/26/2024,3,active,8/19/2025,283.6,7,18,Electronics,Dress,Clothing,Female,76,1985.2000000000003,"At Risk"
ORD5145,CUST1145,48,PROD345,Germany,8/7/2021,9/5/2024,2,cancelled,7/6/2023,167,9,23,Clothing,Skirt,Clothing,Male,5,1503,Active
ORD5146,CUST1146,47,PROD346,USA,3/17/2021,10/30/2023,1,active,1/25/2023,121.06,6,24,Beauty,Jeans,Clothing,Female,316,726.36,Churned
ORD5147,CUST1147,26,PROD347,Germany,8/24/2022,2/28/2025,5,active,7/19/2025,433.59,3,28,Beauty,Headphones,Electronics,Other,-171,1300.77,Active
ORD5148,CUST1148,20,PROD348,India,12/5/2021,7/25/2024,1,active,2/16/2025,230.28,5,17,Beauty,Lamp,Home,Male,47,1151.4,Active
ORD5149,CUST1149,51,PROD349,Germany,9/23/2021,2/5/2024,2,cancelled,1/24/2024,8.24,6,37,Clothing,"Nail Polish",Beauty,Male,218,49.44,Churned
ORD5150,CUST1150,20,PROD350,Germany,9/22/2021,10/7/2022,3,cancelled,5/5/2024,634.46,3,40,Clothing,Shirt,Clothing,Male,704,1903.38,Churned
ORD5151,CUST1151,49,PROD351,USA,12/26/2020,5/1/2022,3,active,5/16/2021,156.77,8,40,Sports,"Nail Polish",Beauty,Female,863,1254.16,Churned
ORD5152,CUST1152,27,PROD352,Pakistan,11/9/2021,1/18/2023,5,active,1/25/2024,172.17,7,41,Home,Microwave,Home,Female,601,1205.1899999999998,Churned
ORD5153,CUST1153,52,PROD353,India,7/27/2022,7/8/2024,2,active,9/15/2022,1308.29,1,18,Clothing,Jacket,Clothing,Female,64,1308.29,"At Risk"
ORD5154,CUST1154,24,PROD354,UK,10/13/2020,12/20/2024,1,cancelled,3/17/2021,773,2,42,Home,"Face Wash",Beauty,Other,-101,1546,Active
ORD5155,CUST1155,54,PROD355,UK,8/28/2022,1/30/2025,1,cancelled,7/28/2023,37.35,1,7,Home,Sneakers,Clothing,Female,-142,37.35,Active
ORD5156,CUST1156,42,PROD356,Pakistan,10/6/2021,8/12/2024,0,active,9/18/2022,210.51,2,1,Home,Jacket,Clothing,Male,29,421.02,Active
ORD5157,CUST1157,55,PROD357,Canada,7/17/2022,2/7/2024,4,cancelled,7/29/2022,184.94,7,45,Home,Hoodie,Clothing,Male,216,1294.58,Churned
ORD5158,CUST1158,35,PROD358,Pakistan,11/22/2020,10/14/2021,4,active,4/9/2021,34.88,5,24,Beauty,Lamp,Home,Female,1062,174.4,Churned
ORD5159,CUST1159,31,PROD359,Pakistan,4/9/2022,8/9/2024,3,active,5/17/2024,23.82,9,1,Clothing,Foundation,Beauty,Male,32,214.38,Active
ORD5160,CUST1160,21,PROD360,Germany,5/22/2022,11/2/2022,1,active,8/7/2022,241.3,6,21,Clothing,"Yoga Mat",Sports,Male,678,1447.8000000000002,Churned
ORD5161,CUST1161,65,PROD361,Canada,7/30/2022,8/13/2022,5,active,7/27/2025,292.25,3,24,Beauty,"Tennis Racket",Sports,Female,759,876.75,Churned
ORD5162,CUST1162,30,PROD362,Canada,9/30/2020,9/30/2023,4,cancelled,3/4/2022,139.58,6,44,Clothing,Blender,Home,Female,346,837.48,Churned
ORD5163,CUST1163,38,PROD363,Pakistan,7/2/2023,12/21/2024,4,cancelled,10/16/2023,400.08,4,38,Clothing,"Running Shoes",Sports,Female,-102,1600.32,Active
ORD5164,CUST1164,64,PROD364,Germany,11/19/2022,3/14/2023,3,paused,8/1/2023,901.2,2,34,Electronics,"Vacuum Cleaner",Home,Male,546,1802.4,Churned
ORD5165,CUST1165,45,PROD365,Germany,5/12/2023,8/10/2024,5,active,6/11/2025,597.67,3,9,Electronics,Blender,Home,Male,31,1793.0099999999998,Active
ORD5166,CUST1166,41,PROD366,UK,9/3/2021,11/23/2024,2,cancelled,2/4/2023,77.76,3,3,Electronics,"Running Shoes",Sports,Male,-74,233.28000000000003,Active
ORD5167,CUST1167,38,PROD367,Pakistan,11/23/2021,6/13/2023,1,cancelled,12/2/2022,15.8,6,8,Home,"Cricket Bat",Sports,Male,455,94.80000000000001,Churned
ORD5168,CUST1168,62,PROD368,Germany,1/23/2021,1/4/2023,2,active,8/9/2023,151.98,5,36,Home,"Running Shoes",Sports,Other,615,759.9,Churned
ORD5169,CUST1169,47,PROD369,India,5/2/2021,10/28/2022,5,active,5/16/2021,35.32,6,49,Sports,Shirt,Clothing,Male,683,211.92000000000002,Churned
ORD5170,CUST1170,65,PROD370,UK,5/9/2021,5/1/2024,5,active,2/27/2025,161.03,9,47,Electronics,Basketball,Sports,Female,132,1449.27,Churned
ORD5171,CUST1171,36,PROD371,UK,4/17/2021,6/12/2024,1,cancelled,9/17/2022,621.17,2,2,Home,Sneakers,Clothing,Female,90,1242.34,"At Risk"
ORD5172,CUST1172,64,PROD372,Canada,2/19/2022,4/15/2023,0,cancelled,2/28/2024,261.65,5,28,Sports,Skirt,Clothing,Female,514,1308.25,Churned
ORD5173,CUST1173,38,PROD373,Pakistan,5/12/2022,12/2/2024,5,cancelled,5/11/2025,332.86,5,42,Beauty,Lamp,Home,Male,-83,1664.3000000000002,Active
ORD5174,CUST1174,51,PROD374,Germany,2/15/2023,11/15/2024,4,active,5/9/2025,68.45,3,39,Beauty,Shampoo,Beauty,Male,-66,205.35000000000002,Active
ORD5175,CUST1175,62,PROD375,Pakistan,9/15/2021,2/19/2024,5,active,9/20/2024,274.96,4,26,Sports,Smartphone,Electronics,Male,204,1099.84,Churned
ORD5176,CUST1176,20,PROD376,Pakistan,7/11/2023,7/13/2024,3,cancelled,9/29/2024,859.4,2,17,Sports,"Bluetooth Speaker",Electronics,Male,59,1718.8,Active
ORD5177,CUST1177,21,PROD377,Canada,11/19/2020,11/4/2022,4,paused,10/28/2022,103.64,9,34,Sports,"Cricket Bat",Sports,Female,676,932.76,Churned
ORD5178,CUST1178,45,PROD378,Canada,11/14/2021,7/19/2022,3,cancelled,9/6/2023,993.48,2,18,Beauty,Perfume,Beauty,Female,784,1986.96,Churned
ORD5179,CUST1179,48,PROD379,Germany,7/24/2021,10/6/2021,2,active,4/10/2022,348.34,2,15,Sports,Lipstick,Beauty,Male,1070,696.68,Churned
ORD5180,CUST1180,48,PROD380,Pakistan,4/10/2023,5/1/2024,0,active,7/18/2025,18.7,6,33,Beauty,Microwave,Home,Male,132,112.19999999999999,Churned
ORD5181,CUST1181,33,PROD381,Pakistan,3/21/2023,4/17/2024,3,cancelled,5/11/2025,1543.22,1,42,Sports,T-Shirt,Clothing,Male,146,1543.22,Churned
ORD5182,CUST1182,37,PROD382,India,8/1/2021,7/28/2025,0,active,4/21/2024,183.2,8,5,Beauty,Headphones,Electronics,Male,-321,1465.6,Active
ORD5183,CUST1183,59,PROD383,Canada,4/19/2021,10/14/2022,2,active,8/17/2024,215.88,8,23,Clothing,Smartwatch,Electronics,Male,697,1727.04,Churned
ORD5184,CUST1184,37,PROD384,USA,7/9/2023,3/7/2025,3,active,10/31/2024,1071.13,1,33,Electronics,"Running Shoes",Sports,Male,-178,1071.13,Active
ORD5185,CUST1185,47,PROD385,Canada,6/22/2022,2/17/2025,2,active,2/28/2025,22.07,9,9,Home,"Cricket Bat",Sports,Female,-160,198.63,Active
ORD5186,CUST1186,62,PROD386,Canada,8/8/2021,7/12/2025,5,active,10/14/2022,200.21,4,10,Beauty,Jacket,Clothing,Female,-305,800.84,Active
ORD5187,CUST1187,26,PROD387,India,5/6/2023,3/24/2025,1,cancelled,4/14/2025,678.67,2,39,Home,"Tennis Racket",Sports,Female,-195,1357.34,Active
ORD5188,CUST1188,20,PROD388,Pakistan,5/25/2021,10/10/2024,0,active,9/14/2024,689.37,2,34,Beauty,Microwave,Home,Female,-30,1378.74,Active
ORD5189,CUST1189,40,PROD389,Germany,10/22/2022,2/26/2023,5,active,8/4/2025,180.98,6,40,Electronics,Skirt,Clothing,Male,562,1085.8799999999999,Churned
ORD5190,CUST1190,49,PROD390,Pakistan,7/19/2021,1/2/2023,4,cancelled,6/4/2025,148.34,5,7,Electronics,Camera,Electronics,Female,617,741.7,Churned
ORD5191,CUST1191,33,PROD391,UK,2/15/2022,10/25/2022,4,cancelled,5/2/2022,127.83,7,9,Electronics,"Bluetooth Speaker",Electronics,Male,686,894.81,Churned
ORD5192,CUST1192,54,PROD392,Pakistan,10/3/2021,2/14/2024,2,active,1/2/2025,187.02,8,29,Clothing,Lipstick,Beauty,Other,209,1496.16,Churned
ORD5193,CUST1193,28,PROD393,Canada,8/14/2021,6/2/2023,5,active,5/7/2024,175.71,7,26,Home,T-Shirt,Clothing,Male,466,1229.97,Churned
ORD5194,CUST1194,36,PROD394,Canada,5/10/2021,2/18/2022,2,cancelled,7/1/2021,39.74,9,10,Home,Conditioner,Beauty,Female,935,357.66,Churned
ORD5195,CUST1195,57,PROD395,India,7/19/2023,8/21/2024,0,active,1/14/2025,199.73,6,46,Electronics,Dumbbells,Sports,Male,20,1198.3799999999999,Active
ORD5196,CUST1196,36,PROD396,India,10/7/2020,12/19/2022,3,active,5/22/2022,30.76,9,49,Beauty,Jeans,Clothing,Male,631,276.84000000000003,Churned
ORD5197,CUST1197,34,PROD397,USA,10/1/2022,3/3/2023,2,active,3/20/2023,429.25,4,45,Electronics,Headphones,Electronics,Male,557,1717,Churned
ORD5198,CUST1198,39,PROD398,USA,4/25/2022,3/6/2024,4,cancelled,11/20/2022,122.72,9,35,Electronics,Shirt,Clothing,Female,188,1104.48,Churned
ORD5199,CUST1199,32,PROD399,Pakistan,10/11/2022,3/29/2023,4,active,5/5/2024,504.16,3,43,Electronics,Hoodie,Clothing,Male,531,1512.48,Churned
ORD5200,CUST1200,69,PROD400,Germany,7/11/2021,9/19/2023,2,cancelled,9/9/2021,483.12,4,23,Sports,Shampoo,Beauty,Female,357,1932.48,Churned
ORD5201,CUST1201,61,PROD401,India,3/29/2023,6/2/2025,0,cancelled,4/21/2023,138.92,6,47,Electronics,Shirt,Clothing,Male,-265,833.52,Active
ORD5202,CUST1202,68,PROD402,UK,11/6/2021,12/27/2022,4,active,4/17/2025,299.78,6,13,Home,"Vacuum Cleaner",Home,Female,623,1798.6799999999998,Churned
ORD5203,CUST1203,61,PROD403,Germany,7/22/2021,3/15/2023,4,cancelled,9/4/2022,296.68,6,6,Clothing,Dress,Clothing,Other,545,1780.08,Churned
ORD5204,CUST1204,22,PROD404,USA,5/12/2021,10/25/2023,0,active,9/6/2024,63.16,2,13,Clothing,"Bluetooth Speaker",Electronics,Female,321,126.32,Churned
ORD5205,CUST1205,58,PROD405,India,8/20/2021,4/22/2025,2,cancelled,1/30/2024,1484.8,1,13,Clothing,Headphones,Electronics,Male,-224,1484.8,Active
ORD5206,CUST1206,59,PROD406,Germany,11/24/2021,12/11/2023,1,active,6/8/2024,263.02,6,26,Beauty,"Yoga Mat",Sports,Female,274,1578.12,Churned
ORD5207,CUST1207,32,PROD407,India,7/16/2023,12/3/2023,1,active,8/18/2024,1212.26,1,38,Clothing,"Vacuum Cleaner",Home,Male,282,1212.26,Churned
ORD5208,CUST1208,37,PROD408,India,9/12/2022,8/17/2023,0,active,2/18/2023,1790.4,1,33,Beauty,Shirt,Clothing,Male,390,1790.4,Churned
ORD5209,CUST1209,30,PROD409,Pakistan,4/12/2022,9/14/2024,2,active,11/28/2022,582.62,2,6,Clothing,Sneakers,Clothing,Male,-4,1165.24,Active
ORD5210,CUST1210,30,PROD410,UK,3/14/2022,2/14/2023,0,active,7/1/2022,181.32,2,40,Home,Moisturizer,Beauty,Female,574,362.64,Churned
ORD5211,CUST1211,65,PROD411,UK,3/8/2022,2/18/2023,2,paused,5/15/2025,174.87,9,34,Sports,"Cricket Bat",Sports,Male,570,1573.83,Churned
ORD5212,CUST1212,48,PROD412,Canada,4/26/2022,2/11/2024,4,cancelled,6/12/2023,462.9,3,45,Clothing,Refrigerator,Home,Female,212,1388.6999999999998,Churned
ORD5213,CUST1213,56,PROD413,Pakistan,1/4/2021,7/26/2024,2,cancelled,4/14/2025,490.01,3,40,Sports,Headphones,Electronics,Female,46,1470.03,Active
ORD5214,CUST1214,29,PROD414,Germany,10/26/2022,12/14/2023,0,cancelled,1/14/2024,1068.34,1,36,Home,Chair,Home,Female,271,1068.34,Churned
ORD5215,CUST1215,64,PROD415,India,3/8/2021,5/19/2023,4,active,5/4/2024,151.03,8,30,Beauty,Smartphone,Electronics,Male,480,1208.24,Churned
ORD5216,CUST1216,48,PROD416,Pakistan,11/6/2022,12/24/2022,3,active,8/9/2023,152.35,8,32,Sports,Refrigerator,Home,Female,626,1218.8,Churned
ORD5217,CUST1217,59,PROD417,Germany,4/27/2023,12/4/2023,5,active,9/5/2023,277.17,7,3,Electronics,Lipstick,Beauty,Male,281,1940.19,Churned
ORD5218,CUST1218,36,PROD418,Canada,7/1/2022,2/28/2025,5,active,8/26/2023,90.95,1,30,Sports,Moisturizer,Beauty,Female,-171,90.95,Active
ORD5219,CUST1219,20,PROD419,Canada,8/20/2023,12/29/2023,4,active,6/8/2025,813.9,2,38,Sports,"Cricket Bat",Sports,Female,256,1627.8,Churned
ORD5220,CUST1220,51,PROD420,Pakistan,6/6/2022,7/12/2023,3,paused,7/28/2025,262.87,3,27,Home,Shampoo,Beauty,Female,426,788.61,Churned
ORD5221,CUST1221,49,PROD421,USA,10/1/2020,5/16/2025,2,active,5/7/2023,173.2,8,45,Sports,"Running Shoes",Sports,Female,-248,1385.6,Active
ORD5222,CUST1222,46,PROD422,Canada,4/26/2022,5/31/2024,1,active,5/19/2024,398.18,5,12,Sports,Perfume,Beauty,Female,102,1990.9,Churned
ORD5223,CUST1223,25,PROD423,Pakistan,1/5/2023,10/20/2024,0,active,5/1/2023,211.82,8,32,Home,Moisturizer,Beauty,Female,-40,1694.56,Active
ORD5224,CUST1224,19,PROD424,USA,10/27/2021,11/9/2024,1,active,10/17/2024,255.77,6,21,Beauty,Dumbbells,Sports,Female,-60,1534.6200000000001,Active
ORD5225,CUST1225,62,PROD425,UK,2/27/2023,9/2/2024,5,active,5/8/2024,63.52,8,7,Beauty,Dumbbells,Sports,Female,8,508.16,Active
ORD5226,CUST1226,52,PROD426,Germany,3/19/2021,9/12/2022,2,active,2/6/2023,317.31,5,45,Electronics,"Cricket Bat",Sports,Female,729,1586.55,Churned
ORD5227,CUST1227,52,PROD427,Germany,9/14/2021,5/26/2025,5,active,9/23/2023,436.16,2,11,Sports,"Cycling Helmet",Sports,Other,-258,872.32,Active
ORD5228,CUST1228,47,PROD428,Germany,3/16/2022,2/19/2023,0,active,5/29/2023,366.64,4,13,Sports,"Cycling Helmet",Sports,Female,569,1466.56,Churned
ORD5229,CUST1229,46,PROD429,UK,7/25/2022,1/15/2025,2,active,8/25/2023,347.76,4,27,Beauty,Shirt,Clothing,Male,-127,1391.04,Active
ORD5230,CUST1230,18,PROD430,India,6/21/2022,5/26/2023,1,active,11/29/2023,220.93,8,38,Home,Basketball,Sports,Female,473,1767.44,Churned
ORD5231,CUST1231,66,PROD431,Pakistan,1/12/2023,6/1/2025,5,active,6/7/2025,1331.03,1,33,Sports,Sofa,Home,Female,-264,1331.03,Active
ORD5232,CUST1232,54,PROD432,UK,7/14/2022,10/6/2023,4,cancelled,4/11/2024,134.4,5,30,Electronics,Chair,Home,Other,340,672,Churned
ORD5233,CUST1233,35,PROD433,India,4/7/2022,6/2/2024,1,active,11/24/2023,133.25,9,26,Electronics,Sofa,Home,Female,100,1199.25,Churned
ORD5234,CUST1234,65,PROD434,USA,11/16/2021,1/5/2025,1,cancelled,5/15/2022,210.26,9,15,Sports,"Cycling Helmet",Sports,Male,-117,1892.34,Active
ORD5235,CUST1235,22,PROD435,Pakistan,9/22/2020,10/31/2022,0,cancelled,1/21/2022,80.21,8,47,Clothing,"Vacuum Cleaner",Home,Female,680,641.68,Churned
ORD5236,CUST1236,60,PROD436,Pakistan,9/23/2021,7/16/2022,2,active,9/11/2023,133.84,4,11,Home,T-Shirt,Clothing,Female,787,535.36,Churned
ORD5237,CUST1237,57,PROD437,Germany,1/10/2023,10/7/2023,1,cancelled,7/26/2023,286.69,4,28,Electronics,Perfume,Beauty,Female,339,1146.76,Churned
ORD5238,CUST1238,37,PROD438,Canada,11/29/2021,1/26/2023,2,active,5/28/2025,55.18,8,3,Electronics,Smartphone,Electronics,Female,593,441.44,Churned
ORD5239,CUST1239,50,PROD439,USA,12/27/2022,2/26/2025,5,active,2/4/2025,25.75,7,8,Clothing,"Tennis Racket",Sports,Female,-169,180.25,Active
ORD5240,CUST1240,22,PROD440,Germany,5/21/2022,4/9/2023,5,active,5/30/2022,7.42,6,22,Electronics,Lamp,Home,Female,520,44.519999999999996,Churned
ORD5241,CUST1241,46,PROD441,Canada,9/16/2020,1/23/2022,0,active,10/19/2024,430.28,4,39,Sports,Jeans,Clothing,Female,961,1721.12,Churned
ORD5242,CUST1242,59,PROD442,India,5/9/2021,5/3/2025,2,active,4/24/2023,307.95,3,40,Clothing,"Bluetooth Speaker",Electronics,Male,-235,923.8499999999999,Active
ORD5243,CUST1243,53,PROD443,Germany,12/18/2021,7/12/2022,2,active,10/24/2023,235.7,1,5,Beauty,Lipstick,Beauty,Female,791,235.7,Churned
ORD5244,CUST1244,40,PROD444,USA,10/17/2022,3/28/2024,5,active,4/3/2023,174.95,8,23,Home,"Cycling Helmet",Sports,Female,166,1399.6,Churned
ORD5245,CUST1245,67,PROD445,UK,10/31/2020,7/23/2021,0,active,7/6/2025,232.39,4,40,Beauty,Conditioner,Beauty,Female,1145,929.56,Churned
ORD5246,CUST1246,26,PROD446,Germany,1/13/2021,3/16/2024,2,active,5/3/2024,266.75,4,23,Electronics,"Vacuum Cleaner",Home,Male,178,1067,Churned
ORD5247,CUST1247,67,PROD447,UK,11/18/2022,3/23/2025,5,active,9/30/2023,32.82,2,39,Beauty,"Gaming Console",Electronics,Female,-194,65.64,Active
ORD5248,CUST1248,23,PROD448,USA,8/29/2021,11/21/2021,2,paused,4/30/2022,597.36,3,11,Electronics,Conditioner,Beauty,Male,1024,1792.08,Churned
ORD5249,CUST1249,51,PROD449,India,12/18/2022,12/7/2024,1,cancelled,9/14/2024,147.45,8,18,Beauty,Conditioner,Beauty,Female,-88,1179.6,Active
ORD5250,CUST1250,64,PROD450,India,2/21/2021,11/16/2024,2,active,1/12/2022,91.92,7,39,Electronics,"Running Shoes",Sports,Female,-67,643.44,Active
ORD5251,CUST1251,42,PROD451,Germany,5/20/2023,11/8/2024,2,active,10/9/2023,89.68,6,39,Home,Skirt,Clothing,Female,-59,538.08,Active
ORD5252,CUST1252,23,PROD452,Pakistan,5/13/2021,4/17/2024,1,paused,2/2/2022,269.62,5,6,Sports,Blender,Home,Male,146,1348.1,Churned
ORD5253,CUST1253,57,PROD453,India,2/12/2021,5/11/2021,0,active,12/10/2022,214.01,1,37,Clothing,Jeans,Clothing,Female,1218,214.01,Churned
ORD5254,CUST1254,29,PROD454,India,9/12/2022,3/28/2025,0,active,3/5/2024,368.2,2,24,Sports,Headphones,Electronics,Male,-199,736.4,Active
ORD5255,CUST1255,60,PROD455,USA,2/9/2023,12/18/2023,5,paused,8/15/2024,560.24,2,40,Clothing,"Cricket Bat",Sports,Female,267,1120.48,Churned
ORD5256,CUST1256,22,PROD456,Germany,5/28/2021,9/10/2024,2,active,2/20/2023,262.89,1,44,Home,Dumbbells,Sports,Female,0,262.89,Active
ORD5257,CUST1257,56,PROD457,Canada,10/18/2021,1/24/2025,2,cancelled,8/31/2023,113.52,8,14,Beauty,Football,Sports,Male,-136,908.16,Active
ORD5258,CUST1258,65,PROD458,India,9/2/2020,4/20/2025,2,active,8/14/2023,78.71,7,35,Beauty,"Dining Table",Home,Female,-222,550.9699999999999,Active
ORD5259,CUST1259,40,PROD459,USA,2/18/2021,4/17/2025,0,active,10/2/2021,283.52,3,48,Home,Smartphone,Electronics,Male,-219,850.56,Active
ORD5260,CUST1260,34,PROD460,UK,12/14/2022,8/6/2023,1,active,2/23/2023,174.45,9,14,Clothing,Headphones,Electronics,Female,401,1570.05,Churned
ORD5261,CUST1261,36,PROD461,UK,9/2/2022,8/1/2025,5,paused,5/28/2023,165.34,6,8,Home,Skirt,Clothing,Female,-325,992.04,Active
ORD5262,CUST1262,46,PROD462,India,4/3/2023,9/29/2023,1,active,5/17/2024,274.67,4,25,Home,Conditioner,Beauty,Female,347,1098.68,Churned
ORD5263,CUST1263,65,PROD463,UK,9/2/2020,3/5/2023,5,paused,10/26/2020,73.91,5,28,Clothing,Smartwatch,Electronics,Male,555,369.54999999999995,Churned
ORD5264,CUST1264,31,PROD464,Pakistan,7/22/2022,5/30/2024,3,cancelled,7/20/2024,330.52,2,37,Clothing,Foundation,Beauty,Female,103,661.04,Churned
ORD5265,CUST1265,57,PROD465,Germany,2/27/2023,11/18/2024,3,cancelled,12/25/2023,1865.18,1,47,Electronics,Lipstick,Beauty,Female,-69,1865.18,Active
ORD5266,CUST1266,32,PROD466,Pakistan,4/25/2023,3/7/2024,1,paused,9/15/2024,1624.53,1,16,Home,Skirt,Clothing,Male,187,1624.53,Churned
ORD5267,CUST1267,47,PROD467,India,7/28/2022,1/19/2024,2,active,10/26/2024,222.38,3,12,Sports,Lamp,Home,Male,235,667.14,Churned
ORD5268,CUST1268,28,PROD468,USA,10/29/2022,3/2/2025,3,active,12/9/2023,190.6,8,1,Clothing,Jeans,Clothing,Male,-173,1524.8,Active
ORD5269,CUST1269,58,PROD469,UK,11/30/2021,9/19/2022,3,cancelled,7/9/2025,157.4,4,45,Sports,Blender,Home,Female,722,629.6,Churned
ORD5270,CUST1270,27,PROD470,Germany,5/4/2021,11/14/2022,1,cancelled,11/5/2022,97.56,7,17,Electronics,Dress,Clothing,Female,666,682.9200000000001,Churned
ORD5271,CUST1271,52,PROD471,India,11/6/2021,3/5/2025,4,paused,9/30/2022,43.76,8,38,Sports,Skirt,Clothing,Female,-176,350.08,Active
ORD5272,CUST1272,28,PROD472,USA,10/31/2022,3/27/2023,3,active,5/7/2024,238.3,8,41,Clothing,"Vacuum Cleaner",Home,Female,533,1906.4,Churned
ORD5273,CUST1273,53,PROD473,Pakistan,3/28/2021,3/6/2023,1,active,8/18/2023,247.28,6,49,Sports,Moisturizer,Beauty,Female,554,1483.68,Churned
ORD5274,CUST1274,61,PROD474,USA,8/31/2021,2/18/2022,0,active,12/29/2022,341.04,3,1,Beauty,"Dining Table",Home,Female,935,1023.1200000000001,Churned
ORD5275,CUST1275,53,PROD475,Germany,9/6/2021,4/21/2022,3,active,9/6/2022,730.44,2,46,Clothing,Moisturizer,Beauty,Female,873,1460.88,Churned
ORD5276,CUST1276,59,PROD476,UK,5/29/2022,8/22/2024,3,cancelled,2/13/2023,14.55,8,12,Home,Headphones,Electronics,Female,19,116.4,Active
ORD5277,CUST1277,33,PROD477,India,12/9/2022,5/18/2024,4,active,1/23/2025,224.89,6,30,Electronics,"Dining Table",Home,Female,115,1349.34,Churned
ORD5278,CUST1278,53,PROD478,UK,5/6/2023,4/18/2025,0,paused,9/5/2024,244.49,7,41,Sports,"Bluetooth Speaker",Electronics,Female,-220,1711.43,Active
ORD5279,CUST1279,47,PROD479,Germany,10/14/2020,9/9/2023,4,cancelled,12/22/2023,284.09,2,49,Sports,"Running Shoes",Sports,Male,367,568.18,Churned
ORD5280,CUST1280,52,PROD480,Canada,10/20/2022,6/5/2023,5,active,7/15/2023,239.57,4,14,Clothing,"Bluetooth Speaker",Electronics,Male,463,958.28,Churned
ORD5281,CUST1281,59,PROD481,UK,4/4/2021,8/3/2021,0,cancelled,8/16/2021,102.62,3,23,Home,"Yoga Mat",Sports,Female,1134,307.86,Churned
ORD5282,CUST1282,63,PROD482,Pakistan,5/15/2023,8/9/2025,2,active,6/12/2023,26.61,8,28,Sports,Headphones,Electronics,Male,-333,212.88,Active
ORD5283,CUST1283,29,PROD483,Canada,7/9/2021,10/23/2021,4,active,2/8/2024,281.71,5,28,Sports,Camera,Electronics,Male,1053,1408.55,Churned
ORD5284,CUST1284,45,PROD484,Germany,11/6/2020,8/10/2025,1,paused,1/3/2021,498.41,3,23,Clothing,Hoodie,Clothing,Male,-334,1495.23,Active
ORD5285,CUST1285,54,PROD485,India,5/22/2021,5/29/2023,3,cancelled,10/9/2023,150.77,7,39,Clothing,Jacket,Clothing,Female,470,1055.39,Churned
ORD5286,CUST1286,28,PROD486,UK,11/27/2021,1/7/2024,2,paused,7/13/2025,112.52,7,24,Home,Jacket,Clothing,Male,247,787.64,Churned
ORD5287,CUST1287,45,PROD487,UK,4/9/2022,7/29/2025,3,active,9/9/2022,194.81,9,15,Electronics,"Vacuum Cleaner",Home,Female,-322,1753.29,Active
ORD5288,CUST1288,28,PROD488,Pakistan,2/12/2022,4/7/2024,1,active,1/11/2025,209.41,5,8,Sports,Perfume,Beauty,Male,156,1047.05,Churned
ORD5289,CUST1289,29,PROD489,USA,4/8/2021,12/23/2021,0,cancelled,12/15/2021,494.41,2,22,Electronics,Shampoo,Beauty,Other,992,988.82,Churned
ORD5290,CUST1290,47,PROD490,Pakistan,2/25/2023,4/5/2025,2,active,4/1/2023,187.03,5,7,Beauty,Lamp,Home,Male,-207,935.15,Active
ORD5291,CUST1291,41,PROD491,Germany,3/28/2023,7/28/2023,4,active,10/29/2024,314.88,4,47,Sports,Football,Sports,Female,410,1259.52,Churned
ORD5292,CUST1292,37,PROD492,India,12/13/2021,12/16/2021,5,cancelled,7/1/2024,233.87,5,19,Clothing,Laptop,Electronics,Male,999,1169.35,Churned
ORD5293,CUST1293,58,PROD493,UK,1/5/2023,1/16/2023,4,active,4/23/2023,171.07,6,6,Sports,"Cycling Helmet",Sports,Male,603,1026.42,Churned
ORD5294,CUST1294,38,PROD494,Canada,10/5/2020,9/8/2021,5,active,6/20/2025,155.44,5,29,Electronics,Moisturizer,Beauty,Male,1098,777.2,Churned
ORD5295,CUST1295,68,PROD495,UK,1/15/2023,5/6/2025,0,active,7/23/2023,789.5,2,14,Beauty,Shampoo,Beauty,Male,-238,1579,Active
ORD5296,CUST1296,38,PROD496,UK,6/9/2022,6/9/2025,2,active,1/25/2024,232.75,8,5,Beauty,Smartwatch,Electronics,Female,-272,1862,Active
ORD5297,CUST1297,66,PROD497,Pakistan,3/8/2021,8/21/2024,5,paused,11/16/2022,1786.22,1,2,Home,Dress,Clothing,Male,20,1786.22,Active
ORD5298,CUST1298,42,PROD498,USA,3/1/2021,5/12/2023,3,cancelled,8/9/2023,216.99,8,15,Clothing,T-Shirt,Clothing,Female,487,1735.92,Churned
ORD5299,CUST1299,45,PROD499,Pakistan,2/28/2021,12/31/2023,5,cancelled,4/16/2025,10.88,9,38,Electronics,Camera,Electronics,Male,254,97.92,Churned
ORD5300,CUST1300,19,PROD500,Canada,8/14/2023,11/2/2024,1,active,11/5/2023,1226.18,1,25,Sports,Conditioner,Beauty,Female,-53,1226.18,Active
ORD5301,CUST1301,65,PROD501,USA,8/8/2023,3/26/2024,2,active,12/15/2024,460.02,4,7,Electronics,Sofa,Home,Female,168,1840.08,Churned
ORD5302,CUST1302,55,PROD502,USA,7/28/2023,8/28/2023,3,paused,3/22/2025,217.3,7,21,Home,"Cricket Bat",Sports,Female,379,1521.1000000000001,Churned
ORD5303,CUST1303,45,PROD503,Germany,9/12/2022,6/28/2024,1,cancelled,8/19/2024,120.62,5,11,Electronics,"Gaming Console",Electronics,Female,74,603.1,"At Risk"
ORD5304,CUST1304,35,PROD504,India,10/14/2021,6/8/2023,5,active,7/15/2022,90.23,4,6,Electronics,Smartwatch,Electronics,Male,460,360.92,Churned
ORD5305,CUST1305,26,PROD505,Germany,7/28/2021,10/30/2022,3,active,9/21/2024,737.62,2,31,Sports,Smartwatch,Electronics,Male,681,1475.24,Churned
ORD5306,CUST1306,56,PROD506,USA,11/13/2022,4/29/2023,4,active,8/22/2023,658.94,2,47,Electronics,Smartphone,Electronics,Female,500,1317.88,Churned
ORD5307,CUST1307,40,PROD507,Canada,1/17/2022,6/5/2022,0,paused,8/21/2024,121.19,3,20,Clothing,"Face Wash",Beauty,Male,828,363.57,Churned
ORD5308,CUST1308,57,PROD508,Germany,4/8/2021,12/14/2021,4,active,1/1/2024,583.41,3,49,Home,Dumbbells,Sports,Male,1001,1750.23,Churned
ORD5309,CUST1309,57,PROD509,UK,9/29/2020,10/26/2024,3,active,4/29/2023,242.39,6,20,Clothing,"Cricket Bat",Sports,Female,-46,1454.34,Active
ORD5310,CUST1310,21,PROD510,Germany,3/16/2021,1/22/2023,4,cancelled,10/16/2023,84.73,7,6,Sports,Camera,Electronics,Female,597,593.11,Churned
ORD5311,CUST1311,31,PROD511,Germany,9/19/2020,8/28/2021,3,paused,6/21/2024,399.32,4,25,Sports,"Cricket Bat",Sports,Female,1109,1597.28,Churned
ORD5312,CUST1312,52,PROD512,UK,12/1/2020,10/27/2024,0,active,9/5/2023,96.56,7,49,Home,Microwave,Home,Female,-47,675.9200000000001,Active
ORD5313,CUST1313,27,PROD513,Pakistan,10/21/2021,10/29/2023,4,active,11/25/2023,211.81,6,30,Clothing,Shirt,Clothing,Other,317,1270.8600000000001,Churned
ORD5314,CUST1314,32,PROD514,Canada,1/8/2021,2/3/2025,1,active,8/25/2024,227.67,5,15,Clothing,Smartwatch,Electronics,Male,-146,1138.35,Active
ORD5315,CUST1315,55,PROD515,Pakistan,8/2/2021,8/28/2024,5,cancelled,12/27/2022,65.36,3,49,Clothing,Perfume,Beauty,Male,13,196.07999999999998,Active
ORD5316,CUST1316,37,PROD516,Canada,3/2/2022,10/23/2023,2,cancelled,9/18/2022,51.02,6,32,Sports,"Nail Polish",Beauty,Female,323,306.12,Churned
ORD5317,CUST1317,19,PROD517,Germany,5/8/2023,9/16/2023,4,active,8/27/2024,462.3,2,6,Sports,Blender,Home,Female,360,924.6,Churned
ORD5318,CUST1318,59,PROD518,USA,12/11/2022,12/9/2023,1,cancelled,4/27/2023,126.46,9,48,Sports,Perfume,Beauty,Female,276,1138.1399999999999,Churned
ORD5319,CUST1319,67,PROD519,India,8/20/2023,7/22/2024,4,cancelled,10/27/2024,65.2,5,32,Sports,"Dining Table",Home,Male,50,326,Active
ORD5320,CUST1320,31,PROD520,Germany,3/7/2023,9/24/2023,2,paused,12/27/2024,116.64,4,46,Clothing,"Cricket Bat",Sports,Female,352,466.56,Churned
ORD5321,CUST1321,19,PROD521,USA,4/7/2023,10/5/2024,0,active,12/1/2023,140.63,6,23,Electronics,Microwave,Home,Male,-25,843.78,Active
ORD5322,CUST1322,41,PROD522,India,8/27/2022,12/4/2022,5,cancelled,4/3/2025,152.53,4,49,Clothing,"Bluetooth Speaker",Electronics,Female,646,610.12,Churned
ORD5323,CUST1323,59,PROD523,Pakistan,7/23/2022,8/19/2024,3,active,3/30/2024,285.44,7,46,Home,Dumbbells,Sports,Female,22,1998.08,Active
ORD5324,CUST1324,61,PROD524,India,7/27/2023,8/20/2023,5,active,1/11/2024,136.3,3,29,Beauty,Perfume,Beauty,Male,387,408.90000000000003,Churned
ORD5325,CUST1325,46,PROD525,Canada,9/10/2020,10/1/2024,4,cancelled,4/28/2025,556.7,2,39,Clothing,"Gaming Console",Electronics,Other,-21,1113.4,Active
ORD5326,CUST1326,19,PROD526,UK,10/11/2021,10/26/2024,2,active,9/3/2024,231.25,6,39,Electronics,Jeans,Clothing,Female,-46,1387.5,Active
ORD5327,CUST1327,44,PROD527,Pakistan,11/2/2021,7/18/2022,4,active,4/15/2025,105.05,6,15,Sports,Shampoo,Beauty,Female,785,630.3,Churned
ORD5328,CUST1328,64,PROD528,Pakistan,4/22/2022,8/30/2022,1,active,8/13/2025,11.73,5,49,Home,Smartwatch,Electronics,Male,742,58.650000000000006,Churned
ORD5329,CUST1329,66,PROD529,India,9/12/2021,5/19/2022,0,active,9/25/2021,230.61,8,9,Electronics,Basketball,Sports,Female,845,1844.88,Churned
ORD5330,CUST1330,60,PROD530,Germany,12/8/2021,4/8/2023,2,active,7/17/2023,188.23,8,13,Home,Tablet,Electronics,Female,521,1505.84,Churned
ORD5331,CUST1331,36,PROD531,Canada,5/28/2022,11/16/2023,0,active,12/9/2024,28.65,6,27,Clothing,"Vacuum Cleaner",Home,Female,299,171.89999999999998,Churned
ORD5332,CUST1332,49,PROD532,Canada,8/10/2022,12/8/2024,2,active,1/22/2024,175.42,8,2,Home,Smartwatch,Electronics,Male,-89,1403.36,Active
ORD5333,CUST1333,45,PROD533,Pakistan,7/11/2023,2/19/2025,4,active,8/20/2023,180.09,8,25,Beauty,Foundation,Beauty,Female,-162,1440.72,Active
ORD5334,CUST1334,54,PROD534,UK,2/8/2021,11/20/2024,4,active,5/6/2025,284.73,7,47,Home,Blender,Home,Male,-71,1993.1100000000001,Active
ORD5335,CUST1335,22,PROD535,Germany,12/24/2021,5/15/2022,0,cancelled,7/3/2025,231.43,3,38,Sports,Basketball,Sports,Female,849,694.29,Churned
ORD5336,CUST1336,22,PROD536,UK,8/24/2021,1/8/2025,5,active,9/7/2023,137.29,7,2,Clothing,"Cricket Bat",Sports,Female,-120,961.03,Active
ORD5337,CUST1337,22,PROD537,USA,7/19/2023,12/4/2024,0,paused,2/21/2025,210.01,7,9,Home,Shirt,Clothing,Female,-85,1470.07,Active
ORD5338,CUST1338,45,PROD538,UK,6/14/2022,5/15/2024,3,paused,8/12/2025,348.76,4,16,Sports,"Gaming Console",Electronics,Female,118,1395.04,Churned
ORD5339,CUST1339,40,PROD539,UK,9/13/2022,11/10/2023,2,active,3/26/2023,219.21,4,23,Home,Laptop,Electronics,Female,305,876.84,Churned
ORD5340,CUST1340,21,PROD540,Canada,3/15/2023,3/27/2025,1,active,9/6/2023,104.03,7,27,Sports,"Vacuum Cleaner",Home,Female,-198,728.21,Active
ORD5341,CUST1341,27,PROD541,Pakistan,10/8/2021,5/30/2022,2,active,6/14/2024,360.74,5,10,Beauty,"Face Wash",Beauty,Male,834,1803.7,Churned
ORD5342,CUST1342,57,PROD542,Canada,1/9/2021,2/16/2022,1,active,10/26/2022,208.01,8,44,Home,Blender,Home,Male,937,1664.08,Churned
ORD5343,CUST1343,59,PROD543,Canada,2/16/2023,7/30/2023,5,active,6/3/2023,235.36,5,30,Beauty,Camera,Electronics,Male,408,1176.8000000000002,Churned
ORD5344,CUST1344,21,PROD544,USA,4/14/2021,6/23/2025,0,active,7/14/2025,6.45,7,37,Clothing,Conditioner,Beauty,Male,-286,45.15,Active
ORD5345,CUST1345,35,PROD545,UK,12/26/2021,12/9/2022,4,active,12/30/2023,205.55,2,15,Electronics,Laptop,Electronics,Male,641,411.1,Churned
ORD5346,CUST1346,37,PROD546,Germany,10/14/2021,12/5/2022,2,active,12/23/2024,224.15,1,7,Home,Smartwatch,Electronics,Female,645,224.15,Churned
ORD5347,CUST1347,26,PROD547,Pakistan,10/12/2020,1/2/2024,1,active,4/26/2022,115.98,2,4,Clothing,Blender,Home,Female,252,231.96,Churned
ORD5348,CUST1348,41,PROD548,Germany,9/27/2021,8/19/2023,0,cancelled,9/21/2023,26.33,1,11,Sports,Laptop,Electronics,Male,388,26.33,Churned
ORD5349,CUST1349,43,PROD549,Canada,5/1/2023,11/25/2024,1,active,9/14/2023,172.3,6,8,Electronics,Basketball,Sports,Male,-76,1033.8000000000002,Active
ORD5350,CUST1350,61,PROD550,UK,6/18/2021,1/22/2024,3,active,3/16/2025,374.37,5,36,Electronics,Blender,Home,Female,232,1871.85,Churned
ORD5351,CUST1351,51,PROD551,Pakistan,10/28/2021,2/17/2022,0,cancelled,8/14/2025,296.71,6,2,Beauty,Jeans,Clothing,Female,936,1780.2599999999998,Churned
ORD5352,CUST1352,57,PROD552,USA,11/18/2021,8/14/2025,4,cancelled,11/29/2024,575.92,3,14,Clothing,Skirt,Clothing,Female,-338,1727.7599999999998,Active
ORD5353,CUST1353,34,PROD553,Germany,3/20/2021,9/9/2022,2,cancelled,4/28/2021,214.73,7,49,Electronics,Tablet,Electronics,Female,732,1503.11,Churned
ORD5354,CUST1354,22,PROD554,UK,12/18/2022,7/10/2024,4,cancelled,8/24/2024,416.03,3,8,Beauty,"Dining Table",Home,Female,62,1248.09,"At Risk"
ORD5355,CUST1355,50,PROD555,Pakistan,11/19/2020,11/28/2022,0,cancelled,6/24/2024,219.47,6,38,Electronics,Football,Sports,Male,652,1316.82,Churned
ORD5356,CUST1356,66,PROD556,UK,11/3/2020,3/11/2025,0,active,4/9/2024,34.42,7,29,Electronics,Lipstick,Beauty,Female,-182,240.94,Active
ORD5357,CUST1357,66,PROD557,UK,8/21/2021,2/15/2023,3,active,2/26/2022,128.99,9,29,Beauty,Blender,Home,Male,573,1160.91,Churned
ORD5358,CUST1358,47,PROD558,Canada,9/12/2020,2/14/2023,0,active,7/23/2024,148.19,8,26,Sports,Dress,Clothing,Female,574,1185.52,Churned
ORD5359,CUST1359,39,PROD559,India,12/6/2021,5/28/2025,5,cancelled,12/21/2021,343.33,5,44,Beauty,"Running Shoes",Sports,Female,-260,1716.6499999999999,Active
ORD5360,CUST1360,48,PROD560,India,8/1/2023,7/31/2024,5,active,6/29/2024,146.28,4,36,Beauty,Sneakers,Clothing,Female,41,585.12,Active
ORD5361,CUST1361,23,PROD561,India,8/5/2022,10/30/2022,1,cancelled,10/16/2023,165.06,9,48,Beauty,Sneakers,Clothing,Male,681,1485.54,Churned
ORD5362,CUST1362,18,PROD562,Germany,6/11/2021,10/24/2021,1,active,9/26/2022,222.3,8,3,Electronics,"Vacuum Cleaner",Home,Female,1052,1778.4,Churned
ORD5363,CUST1363,29,PROD563,UK,10/19/2021,10/21/2023,4,cancelled,1/22/2024,662.89,3,9,Sports,"Vacuum Cleaner",Home,Female,325,1988.67,Churned
ORD5364,CUST1364,21,PROD564,Germany,10/23/2020,1/29/2021,5,cancelled,4/11/2022,134.18,9,41,Home,Shampoo,Beauty,Female,1320,1207.6200000000001,Churned
ORD5365,CUST1365,32,PROD565,Pakistan,2/1/2021,10/15/2022,4,active,1/29/2024,57.06,4,21,Beauty,Camera,Electronics,Male,696,228.24,Churned
ORD5366,CUST1366,60,PROD566,India,2/22/2022,10/20/2023,3,active,1/3/2023,668.04,2,17,Electronics,Smartphone,Electronics,Female,326,1336.08,Churned
ORD5367,CUST1367,27,PROD567,Pakistan,2/12/2021,7/23/2024,3,active,4/28/2024,348.12,4,24,Beauty,Lamp,Home,Female,49,1392.48,Active
ORD5368,CUST1368,66,PROD568,USA,5/6/2023,6/27/2025,3,cancelled,1/14/2024,76.13,7,7,Beauty,Skirt,Clothing,Male,-290,532.91,Active
ORD5369,CUST1369,27,PROD569,USA,5/9/2021,4/18/2023,4,active,1/7/2024,89.75,7,22,Clothing,Sneakers,Clothing,Female,511,628.25,Churned
ORD5370,CUST1370,37,PROD570,UK,9/30/2021,9/23/2024,1,active,7/2/2024,390.53,5,16,Clothing,Basketball,Sports,Male,-13,1952.6499999999999,Active
ORD5371,CUST1371,43,PROD571,Canada,1/19/2023,6/20/2025,5,active,5/2/2025,725.84,2,24,Clothing,"Vacuum Cleaner",Home,Female,-283,1451.68,Active
ORD5372,CUST1372,63,PROD572,Germany,10/18/2022,12/2/2024,4,active,2/19/2023,604.52,3,7,Sports,Camera,Electronics,Male,-83,1813.56,Active
ORD5373,CUST1373,64,PROD573,Germany,10/20/2021,4/23/2024,2,active,1/28/2025,316.46,6,37,Sports,Dumbbells,Sports,Female,140,1898.7599999999998,Churned
ORD5374,CUST1374,19,PROD574,India,4/14/2021,11/16/2023,4,cancelled,11/5/2021,75.21,6,38,Clothing,Microwave,Home,Male,299,451.26,Churned
ORD5375,CUST1375,63,PROD575,Germany,5/29/2022,9/1/2023,5,paused,3/23/2024,399.54,4,17,Beauty,"Face Wash",Beauty,Male,375,1598.16,Churned
ORD5376,CUST1376,56,PROD576,Germany,4/13/2022,2/7/2024,5,active,6/2/2023,12.03,7,42,Beauty,T-Shirt,Clothing,Female,216,84.21,Churned
ORD5377,CUST1377,33,PROD577,Germany,7/28/2021,10/8/2024,3,active,3/28/2023,54.72,4,34,Sports,"Dining Table",Home,Male,-28,218.88,Active
ORD5378,CUST1378,48,PROD578,Canada,4/10/2022,12/3/2024,1,active,3/8/2024,122.74,5,40,Sports,Tablet,Electronics,Male,-84,613.6999999999999,Active
ORD5379,CUST1379,47,PROD579,Germany,12/14/2021,3/1/2023,1,paused,5/8/2022,23.7,6,48,Electronics,Headphones,Electronics,Female,559,142.2,Churned
ORD5380,CUST1380,46,PROD580,India,7/10/2023,10/8/2023,1,paused,1/19/2025,181.5,3,20,Beauty,Refrigerator,Home,Male,338,544.5,Churned
ORD5381,CUST1381,66,PROD581,Germany,7/22/2023,7/28/2025,3,active,3/1/2025,195.6,2,45,Clothing,Conditioner,Beauty,Female,-321,391.2,Active
ORD5382,CUST1382,60,PROD582,Pakistan,1/13/2021,5/15/2025,5,cancelled,12/11/2021,107.92,9,14,Beauty,Lipstick,Beauty,Female,-247,971.28,Active
ORD5383,CUST1383,39,PROD583,UK,5/26/2023,7/25/2024,2,active,9/1/2023,577.66,3,18,Sports,Camera,Electronics,Female,47,1732.98,Active
ORD5384,CUST1384,31,PROD584,Pakistan,5/18/2022,5/9/2024,5,active,7/16/2023,81.15,7,41,Beauty,Basketball,Sports,Male,124,568.0500000000001,Churned
ORD5385,CUST1385,26,PROD585,UK,5/5/2023,3/4/2024,4,paused,6/24/2024,68.54,8,18,Sports,"Gaming Console",Electronics,Female,190,548.32,Churned
ORD5386,CUST1386,34,PROD586,India,10/27/2022,3/3/2023,3,cancelled,2/13/2024,193.43,8,23,Sports,"Running Shoes",Sports,Male,557,1547.44,Churned
ORD5387,CUST1387,44,PROD587,UK,1/18/2022,5/15/2022,5,active,1/22/2022,276.7,6,22,Home,Blender,Home,Male,849,1660.1999999999998,Churned
ORD5388,CUST1388,61,PROD588,Germany,12/31/2021,3/30/2022,0,cancelled,6/13/2025,51.83,2,12,Electronics,Basketball,Sports,Male,895,103.66,Churned
ORD5389,CUST1389,46,PROD589,UK,12/16/2020,3/31/2021,1,active,7/17/2022,133.73,8,33,Sports,"Vacuum Cleaner",Home,Female,1259,1069.84,Churned
ORD5390,CUST1390,64,PROD590,UK,1/8/2022,6/5/2025,4,paused,11/11/2023,52.44,4,34,Clothing,Smartphone,Electronics,Male,-268,209.76,Active
ORD5391,CUST1391,60,PROD591,India,7/30/2021,1/5/2024,0,active,7/10/2023,1499.71,1,29,Clothing,"Cricket Bat",Sports,Female,249,1499.71,Churned
ORD5392,CUST1392,66,PROD592,Canada,3/8/2022,4/26/2024,1,paused,3/23/2025,562.84,3,26,Beauty,Foundation,Beauty,Male,137,1688.52,Churned
ORD5393,CUST1393,62,PROD593,India,4/2/2021,4/19/2021,0,active,1/20/2024,1366.86,1,45,Beauty,Lamp,Home,Female,1240,1366.86,Churned
ORD5394,CUST1394,43,PROD594,USA,5/14/2022,5/28/2022,3,active,5/27/2025,290.28,6,38,Sports,Smartphone,Electronics,Female,836,1741.6799999999998,Churned
ORD5395,CUST1395,60,PROD595,India,9/29/2022,7/31/2023,1,active,4/2/2024,134.53,9,45,Electronics,Dumbbells,Sports,Male,407,1210.77,Churned
ORD5396,CUST1396,52,PROD596,India,1/25/2021,11/24/2021,0,active,1/26/2023,434.16,2,43,Sports,Dumbbells,Sports,Female,1021,868.32,Churned
ORD5397,CUST1397,55,PROD597,Canada,1/23/2021,9/24/2022,0,paused,2/24/2024,44.89,7,2,Clothing,Perfume,Beauty,Female,717,314.23,Churned
ORD5398,CUST1398,63,PROD598,Pakistan,7/14/2021,3/25/2025,0,paused,3/27/2022,158.19,7,15,Clothing,"Face Wash",Beauty,Other,-196,1107.33,Active
ORD5399,CUST1399,43,PROD599,Pakistan,10/3/2022,1/23/2024,3,cancelled,12/16/2023,130.46,7,17,Sports,"Yoga Mat",Sports,Female,231,913.22,Churned
ORD5400,CUST1400,68,PROD600,Germany,12/3/2021,8/14/2024,5,active,3/22/2025,90.5,4,32,Beauty,"Gaming Console",Electronics,Female,27,362,Active
ORD5401,CUST1401,60,PROD601,Pakistan,8/12/2023,2/22/2024,0,cancelled,8/4/2025,132.55,3,25,Sports,Sneakers,Clothing,Male,201,397.65000000000003,Churned
ORD5402,CUST1402,27,PROD602,Germany,5/12/2021,8/7/2023,2,cancelled,8/28/2022,315,2,25,Beauty,Laptop,Electronics,Female,400,630,Churned
ORD5403,CUST1403,31,PROD603,India,3/15/2022,11/12/2022,0,active,11/8/2024,19.5,6,14,Electronics,Microwave,Home,Male,668,117,Churned
ORD5404,CUST1404,52,PROD604,India,10/11/2022,9/19/2023,5,active,3/24/2025,74.49,7,4,Home,Headphones,Electronics,Female,357,521.43,Churned
ORD5405,CUST1405,40,PROD605,India,9/5/2020,6/26/2024,0,paused,4/24/2021,539.41,3,33,Clothing,Skirt,Clothing,Male,76,1618.23,"At Risk"
ORD5406,CUST1406,66,PROD606,USA,8/11/2023,3/4/2025,2,active,4/11/2024,101.02,7,19,Home,T-Shirt,Clothing,Female,-175,707.14,Active
ORD5407,CUST1407,22,PROD607,UK,3/11/2022,8/23/2023,2,cancelled,5/20/2023,1263.8,1,6,Beauty,Lipstick,Beauty,Female,384,1263.8,Churned
ORD5408,CUST1408,56,PROD608,USA,3/6/2023,7/26/2024,0,active,7/23/2023,643.24,3,44,Home,"Face Wash",Beauty,Male,46,1929.72,Active
ORD5409,CUST1409,61,PROD609,USA,5/31/2023,2/7/2025,5,paused,10/30/2024,217.29,8,7,Electronics,Lamp,Home,Female,-150,1738.32,Active
ORD5410,CUST1410,61,PROD610,Germany,10/23/2021,10/1/2022,5,active,6/27/2022,94.79,8,1,Sports,Moisturizer,Beauty,Male,710,758.32,Churned
ORD5411,CUST1411,64,PROD611,Germany,3/19/2022,8/12/2025,0,active,8/11/2024,305.8,5,23,Beauty,Tablet,Electronics,Female,-336,1529,Active
ORD5412,CUST1412,65,PROD612,Pakistan,9/11/2020,8/7/2025,3,active,4/22/2021,41.08,4,18,Sports,Headphones,Electronics,Female,-331,164.32,Active
ORD5413,CUST1413,58,PROD613,India,3/23/2023,11/4/2024,1,active,4/11/2023,155.84,8,29,Sports,"Tennis Racket",Sports,Male,-55,1246.72,Active
ORD5414,CUST1414,33,PROD614,UK,6/9/2023,10/25/2024,2,active,3/17/2025,410.16,3,31,Electronics,Jacket,Clothing,Male,-45,1230.48,Active
ORD5415,CUST1415,24,PROD615,Germany,5/10/2022,6/11/2024,1,active,12/10/2023,350.48,3,32,Clothing,Sneakers,Clothing,Female,91,1051.44,Churned
ORD5416,CUST1416,62,PROD616,Pakistan,10/28/2022,1/10/2024,0,active,3/8/2023,216.64,8,32,Clothing,"Face Wash",Beauty,Male,244,1733.12,Churned
ORD5417,CUST1417,42,PROD617,India,6/15/2021,7/9/2025,4,active,3/13/2024,75.2,6,11,Beauty,Perfume,Beauty,Male,-302,451.20000000000005,Active
ORD5418,CUST1418,22,PROD618,UK,4/7/2023,7/8/2025,3,active,12/4/2024,17.09,7,4,Home,Shampoo,Beauty,Female,-301,119.63,Active
ORD5419,CUST1419,65,PROD619,Canada,3/6/2022,12/17/2023,1,paused,3/8/2025,4.22,9,31,Home,Sneakers,Clothing,Female,268,37.98,Churned
ORD5420,CUST1420,39,PROD620,Canada,2/4/2021,1/19/2024,4,paused,3/23/2023,89.67,2,35,Clothing,Lipstick,Beauty,Other,235,179.34,Churned
ORD5421,CUST1421,37,PROD621,USA,5/15/2022,1/16/2025,2,active,7/17/2025,57.72,4,11,Beauty,"Vacuum Cleaner",Home,Male,-128,230.88,Active
ORD5422,CUST1422,40,PROD622,Germany,6/7/2022,9/26/2024,1,active,10/9/2023,288.26,5,32,Clothing,Jacket,Clothing,Female,-16,1441.3,Active
ORD5423,CUST1423,21,PROD623,Pakistan,7/8/2023,2/20/2025,2,active,3/27/2025,37.13,8,9,Beauty,Skirt,Clothing,Male,-163,297.04,Active
ORD5424,CUST1424,55,PROD624,Canada,8/9/2021,9/22/2024,5,cancelled,11/30/2022,1799.69,1,39,Sports,Smartphone,Electronics,Female,-12,1799.69,Active
ORD5425,CUST1425,26,PROD625,Canada,6/27/2023,12/19/2023,1,active,7/17/2024,367.19,3,49,Home,Headphones,Electronics,Male,266,1101.57,Churned
ORD5426,CUST1426,27,PROD626,UK,5/8/2023,9/15/2024,4,paused,8/11/2024,174.1,7,40,Home,Shirt,Clothing,Female,-5,1218.7,Active
ORD5427,CUST1427,35,PROD627,USA,7/11/2022,12/22/2024,3,cancelled,8/28/2024,208.23,7,3,Home,Laptop,Electronics,Female,-103,1457.61,Active
ORD5428,CUST1428,19,PROD628,USA,7/4/2022,1/17/2025,2,active,5/22/2023,106.21,8,40,Beauty,Conditioner,Beauty,Male,-129,849.68,Active
ORD5429,CUST1429,54,PROD629,Germany,4/6/2023,1/10/2024,5,cancelled,11/13/2023,93.51,9,19,Beauty,Moisturizer,Beauty,Female,244,841.59,Churned
ORD5430,CUST1430,57,PROD630,India,1/16/2021,12/13/2024,0,cancelled,2/22/2022,409.61,3,41,Home,Basketball,Sports,Female,-94,1228.83,Active
ORD5431,CUST1431,41,PROD631,UK,8/24/2022,12/19/2023,5,active,3/1/2023,397.5,2,23,Sports,Moisturizer,Beauty,Female,266,795,Churned
ORD5432,CUST1432,25,PROD632,India,12/21/2022,6/7/2023,4,cancelled,4/12/2024,65.33,6,15,Electronics,Shirt,Clothing,Male,461,391.98,Churned
ORD5433,CUST1433,48,PROD633,Pakistan,1/8/2022,12/3/2022,3,active,6/29/2024,83.72,5,40,Electronics,Dumbbells,Sports,Female,647,418.6,Churned
ORD5434,CUST1434,43,PROD634,Germany,8/29/2021,4/28/2023,0,cancelled,1/1/2025,368.73,3,5,Sports,Chair,Home,Male,501,1106.19,Churned
ORD5435,CUST1435,54,PROD635,Germany,7/26/2021,11/26/2023,5,paused,12/31/2024,148.77,9,48,Beauty,Sneakers,Clothing,Male,289,1338.93,Churned
ORD5436,CUST1436,50,PROD636,Pakistan,7/24/2022,4/2/2024,1,active,3/4/2023,302.58,6,37,Beauty,Shampoo,Beauty,Male,161,1815.48,Churned
ORD5437,CUST1437,54,PROD637,Pakistan,4/3/2022,7/10/2024,0,active,8/14/2024,34.76,8,13,Beauty,Skirt,Clothing,Female,62,278.08,"At Risk"
ORD5438,CUST1438,59,PROD638,Pakistan,2/15/2023,3/5/2024,3,cancelled,8/21/2024,347.58,4,11,Beauty,Moisturizer,Beauty,Other,189,1390.32,Churned
ORD5439,CUST1439,32,PROD639,USA,7/16/2022,4/28/2024,1,active,7/25/2025,43.74,4,31,Home,"Dining Table",Home,Male,135,174.96,Churned
ORD5440,CUST1440,34,PROD640,USA,5/15/2022,1/12/2025,5,active,12/4/2024,123.64,1,36,Home,Skirt,Clothing,Female,-124,123.64,Active
ORD5441,CUST1441,67,PROD641,India,2/13/2022,2/15/2023,1,active,11/17/2023,96.8,6,18,Beauty,Headphones,Electronics,Male,573,580.8,Churned
ORD5442,CUST1442,67,PROD642,Pakistan,10/30/2020,2/9/2025,2,active,4/6/2023,64.18,3,10,Clothing,Headphones,Electronics,Female,-152,192.54000000000002,Active
ORD5443,CUST1443,39,PROD643,UK,5/1/2023,8/17/2023,2,active,12/27/2023,1409.68,1,20,Beauty,"Running Shoes",Sports,Female,390,1409.68,Churned
ORD5444,CUST1444,31,PROD644,India,3/3/2023,1/10/2025,5,active,9/18/2024,276.06,6,19,Home,Sofa,Home,Male,-122,1656.3600000000001,Active
ORD5445,CUST1445,56,PROD645,UK,9/30/2022,5/7/2024,0,active,8/11/2023,104.88,8,49,Sports,Camera,Electronics,Male,126,839.04,Churned
ORD5446,CUST1446,39,PROD646,Pakistan,8/1/2023,9/7/2023,0,cancelled,6/20/2024,552.26,1,18,Beauty,Camera,Electronics,Female,369,552.26,Churned
ORD5447,CUST1447,61,PROD647,Pakistan,6/10/2022,10/29/2022,0,active,3/9/2023,1510.04,1,30,Home,Blender,Home,Female,682,1510.04,Churned
ORD5448,CUST1448,29,PROD648,Germany,12/13/2020,11/6/2024,5,active,2/26/2023,300.19,3,4,Sports,Smartwatch,Electronics,Female,-57,900.5699999999999,Active
ORD5449,CUST1449,38,PROD649,UK,4/30/2021,4/10/2024,3,paused,10/26/2021,90.89,9,32,Electronics,"Cricket Bat",Sports,Male,153,818.01,Churned
ORD5450,CUST1450,34,PROD650,Germany,7/6/2022,10/12/2022,0,active,12/24/2022,260.15,1,45,Clothing,Jeans,Clothing,Male,699,260.15,Churned
ORD5451,CUST1451,25,PROD651,Pakistan,6/12/2023,10/21/2024,1,active,12/20/2024,38.72,8,32,Electronics,Shampoo,Beauty,Male,-41,309.76,Active
ORD5452,CUST1452,22,PROD652,India,2/20/2021,8/25/2022,4,paused,9/25/2023,178.02,6,48,Clothing,Chair,Home,Male,747,1068.1200000000001,Churned
ORD5453,CUST1453,44,PROD653,Germany,10/4/2022,7/11/2024,4,paused,12/19/2023,388.51,2,32,Beauty,Dumbbells,Sports,Female,61,777.02,"At Risk"
ORD5454,CUST1454,45,PROD654,Pakistan,2/1/2023,5/26/2023,2,cancelled,8/7/2025,191.94,9,40,Clothing,Blender,Home,Female,473,1727.46,Churned
ORD5455,CUST1455,65,PROD655,India,11/21/2022,10/5/2024,4,active,8/31/2024,48.2,9,32,Electronics,Shirt,Clothing,Female,-25,433.8,Active
ORD5456,CUST1456,64,PROD656,India,2/27/2023,4/11/2024,2,active,8/21/2023,25.98,6,44,Clothing,"Dining Table",Home,Female,152,155.88,Churned
ORD5457,CUST1457,52,PROD657,USA,6/4/2022,6/10/2024,2,active,5/15/2024,391.53,3,2,Home,"Nail Polish",Beauty,Male,92,1174.59,Churned
ORD5458,CUST1458,25,PROD658,Pakistan,6/13/2023,4/29/2025,1,active,5/10/2024,455.29,3,41,Beauty,Dumbbells,Sports,Female,-231,1365.8700000000001,Active
ORD5459,CUST1459,50,PROD659,Pakistan,6/10/2021,8/21/2022,2,active,2/10/2023,1137.99,1,16,Beauty,Lamp,Home,Female,751,1137.99,Churned
ORD5460,CUST1460,66,PROD660,India,11/26/2022,3/5/2024,4,active,1/31/2024,207.28,8,14,Beauty,Foundation,Beauty,Female,189,1658.24,Churned
ORD5461,CUST1461,66,PROD661,India,9/25/2021,5/16/2024,5,cancelled,7/8/2023,324.54,6,40,Electronics,Refrigerator,Home,Female,117,1947.2400000000002,Churned
ORD5462,CUST1462,24,PROD662,Canada,11/24/2020,2/22/2021,0,active,5/28/2025,206.15,5,10,Electronics,Shampoo,Beauty,Female,1296,1030.75,Churned
ORD5463,CUST1463,46,PROD663,Canada,3/14/2021,6/5/2023,1,paused,11/23/2023,1493.98,1,21,Beauty,Smartphone,Electronics,Male,463,1493.98,Churned
ORD5464,CUST1464,39,PROD664,India,1/16/2022,5/7/2025,5,paused,4/16/2022,553.36,2,10,Beauty,Sneakers,Clothing,Male,-239,1106.72,Active
ORD5465,CUST1465,26,PROD665,Pakistan,10/13/2021,2/7/2022,3,active,3/20/2025,178.28,6,41,Electronics,"Vacuum Cleaner",Home,Female,946,1069.68,Churned
ORD5466,CUST1466,36,PROD666,India,3/11/2023,1/16/2024,5,cancelled,6/25/2024,638.11,1,25,Electronics,Tablet,Electronics,Female,238,638.11,Churned
ORD5467,CUST1467,37,PROD667,India,8/18/2021,12/14/2021,1,active,6/25/2022,225.32,8,34,Beauty,Blender,Home,Female,1001,1802.56,Churned
ORD5468,CUST1468,35,PROD668,Canada,9/22/2021,2/9/2023,2,active,1/25/2025,133.5,9,49,Beauty,Basketball,Sports,Female,579,1201.5,Churned
ORD5469,CUST1469,44,PROD669,Germany,2/12/2023,8/29/2023,2,cancelled,4/18/2023,213.51,6,19,Home,Football,Sports,Male,378,1281.06,Churned
ORD5470,CUST1470,51,PROD670,Germany,11/26/2022,3/27/2023,0,active,4/29/2025,185.37,8,36,Clothing,Conditioner,Beauty,Female,533,1482.96,Churned
ORD5471,CUST1471,35,PROD671,USA,4/20/2023,6/22/2025,0,cancelled,4/4/2024,87.8,8,4,Home,Skirt,Clothing,Female,-285,702.4,Active
ORD5472,CUST1472,51,PROD672,UK,4/21/2023,1/14/2025,0,cancelled,9/15/2024,97.78,4,29,Home,Perfume,Beauty,Male,-126,391.12,Active
ORD5473,CUST1473,56,PROD673,Pakistan,5/20/2023,6/2/2023,2,active,7/18/2023,197.6,9,38,Clothing,Dress,Clothing,Male,466,1778.3999999999999,Churned
ORD5474,CUST1474,37,PROD674,USA,8/4/2021,1/31/2023,0,active,1/6/2024,532.09,2,46,Beauty,"Dining Table",Home,Female,588,1064.18,Churned
ORD5475,CUST1475,40,PROD675,Canada,12/9/2020,3/30/2023,1,cancelled,8/10/2024,196.12,5,7,Beauty,Shirt,Clothing,Female,530,980.6,Churned
ORD5476,CUST1476,40,PROD676,Pakistan,5/20/2022,6/24/2024,5,cancelled,9/20/2022,313.86,6,12,Sports,Dumbbells,Sports,Female,78,1883.16,"At Risk"
ORD5477,CUST1477,31,PROD677,Germany,10/14/2022,9/17/2023,1,cancelled,11/20/2024,417.52,2,34,Sports,T-Shirt,Clothing,Female,359,835.04,Churned
ORD5478,CUST1478,23,PROD678,India,11/29/2020,1/22/2025,3,active,4/8/2024,124.76,8,27,Home,Jeans,Clothing,Female,-134,998.08,Active
ORD5479,CUST1479,32,PROD679,India,10/16/2022,3/5/2025,2,cancelled,10/14/2024,90.21,6,2,Clothing,Smartwatch,Electronics,Female,-176,541.26,Active
ORD5480,CUST1480,46,PROD680,Pakistan,10/12/2021,7/23/2025,4,paused,1/14/2023,277.47,4,7,Beauty,Sneakers,Clothing,Other,-316,1109.88,Active
ORD5481,CUST1481,65,PROD681,USA,4/21/2023,5/31/2023,0,cancelled,3/6/2025,132.87,5,2,Electronics,Laptop,Electronics,Male,468,664.35,Churned
ORD5482,CUST1482,19,PROD682,Pakistan,7/26/2021,7/3/2023,3,active,8/26/2023,132.82,8,10,Clothing,Sneakers,Clothing,Female,435,1062.56,Churned
ORD5483,CUST1483,21,PROD683,UK,12/4/2022,12/21/2024,2,cancelled,4/4/2024,554.08,1,47,Clothing,Chair,Home,Male,-102,554.08,Active
ORD5484,CUST1484,23,PROD684,USA,8/6/2023,3/27/2024,1,active,3/24/2024,190.43,5,2,Home,Shampoo,Beauty,Male,167,952.1500000000001,Churned
ORD5485,CUST1485,59,PROD685,Canada,4/19/2022,5/21/2023,0,active,1/23/2024,228.34,7,16,Beauty,Tablet,Electronics,Female,478,1598.38,Churned
ORD5486,CUST1486,28,PROD686,Germany,10/28/2021,9/29/2022,3,active,9/23/2023,975.01,1,4,Clothing,"Tennis Racket",Sports,Male,712,975.01,Churned
ORD5487,CUST1487,40,PROD687,India,10/27/2021,6/26/2025,3,active,3/15/2024,62.15,3,31,Electronics,Conditioner,Beauty,Male,-289,186.45,Active
ORD5488,CUST1488,49,PROD688,Canada,11/27/2022,1/25/2024,1,active,4/22/2023,537.56,2,11,Beauty,Shirt,Clothing,Female,229,1075.12,Churned
ORD5489,CUST1489,46,PROD689,Germany,4/7/2023,4/16/2025,2,active,6/20/2024,472.65,4,11,Sports,Lamp,Home,Female,-218,1890.6,Active
ORD5490,CUST1490,44,PROD690,Germany,6/13/2023,1/28/2024,1,cancelled,5/3/2025,109.16,8,31,Clothing,Camera,Electronics,Female,226,873.28,Churned
ORD5491,CUST1491,50,PROD691,USA,1/14/2022,12/23/2022,3,paused,1/23/2023,261.49,5,25,Sports,"Bluetooth Speaker",Electronics,Male,627,1307.45,Churned
ORD5492,CUST1492,49,PROD692,UK,9/30/2020,3/25/2024,5,active,7/16/2022,69.48,7,41,Home,"Cricket Bat",Sports,Female,169,486.36,Churned
ORD5493,CUST1493,38,PROD693,Canada,5/31/2023,7/22/2025,2,active,2/22/2025,1481.71,1,37,Clothing,Shirt,Clothing,Female,-315,1481.71,Active
ORD5494,CUST1494,25,PROD694,Canada,1/26/2023,10/13/2023,0,cancelled,3/29/2024,189.21,9,30,Clothing,Hoodie,Clothing,Male,333,1702.89,Churned
ORD5495,CUST1495,62,PROD695,India,9/7/2021,12/11/2021,3,active,6/6/2023,271.14,4,42,Sports,"Face Wash",Beauty,Female,1004,1084.56,Churned
ORD5496,CUST1496,33,PROD696,Canada,9/19/2022,1/11/2023,5,active,3/22/2025,396.81,5,20,Clothing,Camera,Electronics,Female,608,1984.05,Churned
ORD5497,CUST1497,20,PROD697,UK,7/14/2021,1/30/2025,0,cancelled,7/12/2023,836.76,2,47,Beauty,Skirt,Clothing,Male,-142,1673.52,Active
ORD5498,CUST1498,29,PROD698,Canada,6/15/2021,3/6/2022,1,active,8/15/2023,71.96,2,7,Beauty,Lipstick,Beauty,Male,919,143.92,Churned
ORD5499,CUST1499,45,PROD699,Pakistan,4/13/2022,8/25/2022,3,active,5/3/2022,1601.28,1,33,Beauty,Shirt,Clothing,Male,747,1601.28,Churned
ORD5500,CUST1500,49,PROD700,Canada,5/2/2021,2/24/2022,3,paused,7/15/2022,582.99,3,3,Clothing,Perfume,Beauty,Female,929,1748.97,Churned
ORD5501,CUST1501,51,PROD701,Pakistan,10/1/2022,5/27/2023,3,paused,5/22/2024,307.14,2,34,Home,Basketball,Sports,Other,472,614.28,Churned
ORD5502,CUST1502,66,PROD702,USA,11/8/2021,1/17/2025,4,paused,3/24/2022,193.22,8,32,Beauty,Shirt,Clothing,Male,-129,1545.76,Active
ORD5503,CUST1503,58,PROD703,USA,4/4/2022,5/25/2024,1,cancelled,4/27/2025,996.56,2,32,Beauty,Camera,Electronics,Male,108,1993.12,Churned
ORD5504,CUST1504,31,PROD704,Pakistan,4/6/2023,3/29/2025,0,active,6/16/2024,965.67,2,42,Clothing,Microwave,Home,Female,-200,1931.34,Active
ORD5505,CUST1505,35,PROD705,Canada,7/22/2023,6/2/2025,4,active,9/22/2024,134.86,9,7,Electronics,Dress,Clothing,Male,-265,1213.7400000000002,Active
ORD5506,CUST1506,48,PROD706,Pakistan,10/26/2020,6/6/2022,2,active,10/21/2024,59.06,8,27,Clothing,T-Shirt,Clothing,Female,827,472.48,Churned
ORD5507,CUST1507,34,PROD707,Pakistan,3/30/2021,7/26/2025,0,cancelled,10/2/2021,163.78,5,14,Electronics,"Gaming Console",Electronics,Male,-319,818.9,Active
ORD5508,CUST1508,57,PROD708,India,9/8/2021,1/4/2024,3,paused,4/24/2024,204.26,9,38,Beauty,"Dining Table",Home,Female,250,1838.34,Churned
ORD5509,CUST1509,42,PROD709,Germany,6/17/2023,8/7/2024,3,active,9/25/2023,162.05,9,32,Electronics,"Vacuum Cleaner",Home,Male,34,1458.45,Active
ORD5510,CUST1510,60,PROD710,Germany,10/25/2022,7/19/2025,3,cancelled,1/26/2024,124.82,6,43,Home,Sneakers,Clothing,Female,-312,748.92,Active
ORD5511,CUST1511,28,PROD711,Canada,8/9/2022,9/2/2024,1,paused,3/7/2024,81.49,7,32,Beauty,"Vacuum Cleaner",Home,Female,8,570.43,Active
ORD5512,CUST1512,34,PROD712,Canada,7/11/2021,5/22/2025,0,paused,7/25/2022,36.04,3,23,Clothing,"Face Wash",Beauty,Male,-254,108.12,Active
ORD5513,CUST1513,44,PROD713,Germany,12/10/2022,5/26/2025,4,cancelled,1/5/2024,243.55,7,26,Beauty,Jeans,Clothing,Male,-258,1704.8500000000001,Active
ORD5514,CUST1514,57,PROD714,India,3/20/2021,1/8/2023,1,active,3/18/2023,428.54,3,33,Home,Tablet,Electronics,Male,611,1285.6200000000001,Churned
ORD5515,CUST1515,54,PROD715,India,5/25/2022,3/12/2023,5,active,4/9/2025,234.67,3,8,Home,"Bluetooth Speaker",Electronics,Male,548,704.01,Churned
ORD5516,CUST1516,51,PROD716,India,3/4/2021,6/17/2023,1,cancelled,7/18/2024,142.25,9,40,Home,"Dining Table",Home,Male,451,1280.25,Churned
ORD5517,CUST1517,41,PROD717,USA,3/12/2023,9/5/2023,3,cancelled,11/14/2023,116.18,6,20,Beauty,Dress,Clothing,Male,371,697.08,Churned
ORD5518,CUST1518,47,PROD718,UK,7/16/2021,8/17/2022,5,active,2/15/2022,321.74,6,15,Clothing,Sneakers,Clothing,Male,755,1930.44,Churned
ORD5519,CUST1519,26,PROD719,USA,9/1/2020,5/22/2022,1,active,3/12/2023,266.97,5,9,Beauty,Smartphone,Electronics,Female,842,1334.8500000000001,Churned
ORD5520,CUST1520,40,PROD720,Canada,10/22/2022,1/6/2023,1,active,9/30/2024,283.96,5,36,Home,"Bluetooth Speaker",Electronics,Female,613,1419.8,Churned
ORD5521,CUST1521,43,PROD721,India,2/27/2021,7/30/2025,2,active,6/6/2025,382.28,4,47,Sports,Dress,Clothing,Male,-323,1529.12,Active
ORD5522,CUST1522,53,PROD722,USA,6/30/2022,5/27/2024,2,paused,7/9/2024,217.42,4,43,Home,"Cycling Helmet",Sports,Male,106,869.68,Churned
ORD5523,CUST1523,63,PROD723,Canada,2/24/2022,3/13/2022,3,active,11/18/2023,57.75,8,5,Beauty,Lipstick,Beauty,Male,912,462,Churned
ORD5524,CUST1524,43,PROD724,USA,3/4/2021,7/8/2022,5,active,3/1/2025,256.45,4,29,Home,Camera,Electronics,Female,795,1025.8,Churned
ORD5525,CUST1525,66,PROD725,UK,6/7/2023,6/12/2024,5,paused,9/18/2023,300.55,6,18,Electronics,Tablet,Electronics,Male,90,1803.3000000000002,"At Risk"
ORD5526,CUST1526,54,PROD726,India,12/17/2021,12/17/2021,3,paused,7/14/2023,75.6,8,26,Sports,Smartphone,Electronics,Male,998,604.8,Churned
ORD5527,CUST1527,30,PROD727,India,11/30/2020,7/5/2024,4,cancelled,7/20/2024,1582.47,1,39,Beauty,Sofa,Home,Male,67,1582.47,"At Risk"
ORD5528,CUST1528,24,PROD728,USA,8/29/2022,3/8/2023,5,active,7/5/2023,199.61,6,30,Beauty,Microwave,Home,Female,552,1197.66,Churned
ORD5529,CUST1529,50,PROD729,UK,3/30/2021,1/7/2025,3,active,4/5/2022,75.76,9,7,Electronics,Moisturizer,Beauty,Male,-119,681.84,Active
ORD5530,CUST1530,26,PROD730,Canada,3/25/2022,5/21/2024,1,active,9/24/2022,169.33,3,19,Beauty,Lamp,Home,Male,112,507.99,Churned
ORD5531,CUST1531,44,PROD731,Canada,5/9/2022,7/23/2022,5,active,8/14/2022,279.79,5,32,Home,"Cricket Bat",Sports,Female,780,1398.95,Churned
ORD5532,CUST1532,40,PROD732,USA,8/18/2022,4/12/2023,3,active,8/27/2024,18.93,4,45,Electronics,Blender,Home,Male,517,75.72,Churned
ORD5533,CUST1533,41,PROD733,India,11/28/2020,6/6/2024,2,active,9/15/2021,147.55,8,32,Home,Lamp,Home,Male,96,1180.4,Churned
ORD5534,CUST1534,54,PROD734,UK,1/21/2023,11/14/2023,4,active,7/10/2023,82.68,9,2,Clothing,Headphones,Electronics,Male,301,744.1200000000001,Churned
ORD5535,CUST1535,29,PROD735,Pakistan,1/22/2023,12/17/2023,4,cancelled,10/6/2023,178.63,9,15,Beauty,"Vacuum Cleaner",Home,Female,268,1607.67,Churned
ORD5536,CUST1536,20,PROD736,Pakistan,1/15/2023,2/14/2023,3,active,10/3/2024,22.44,8,21,Home,Shirt,Clothing,Female,574,179.52,Churned
ORD5537,CUST1537,59,PROD737,India,5/30/2022,10/9/2024,0,active,11/8/2024,443.38,4,8,Sports,Headphones,Electronics,Female,-29,1773.52,Active
ORD5538,CUST1538,37,PROD738,Canada,7/10/2022,6/30/2024,0,active,11/20/2022,189.41,8,46,Electronics,"Yoga Mat",Sports,Male,72,1515.28,"At Risk"
ORD5539,CUST1539,61,PROD739,Canada,11/7/2022,2/13/2025,4,active,6/27/2024,440.91,3,33,Electronics,Perfume,Beauty,Female,-156,1322.73,Active
ORD5540,CUST1540,50,PROD740,Canada,11/2/2020,7/15/2022,5,active,2/5/2021,944.82,2,29,Beauty,Smartwatch,Electronics,Female,788,1889.64,Churned
ORD5541,CUST1541,67,PROD741,Pakistan,12/24/2022,1/22/2025,0,paused,6/5/2024,892.74,2,49,Electronics,Blender,Home,Male,-134,1785.48,Active
ORD5542,CUST1542,39,PROD742,UK,7/18/2022,11/6/2023,4,cancelled,4/25/2023,589.28,3,9,Home,Blender,Home,Female,309,1767.84,Churned
ORD5543,CUST1543,64,PROD743,Pakistan,12/13/2021,1/7/2022,5,paused,3/7/2023,233.33,3,38,Clothing,Jacket,Clothing,Male,977,699.99,Churned
ORD5544,CUST1544,59,PROD744,UK,9/8/2022,6/25/2025,2,active,5/11/2025,168.05,9,3,Electronics,Lipstick,Beauty,Female,-288,1512.45,Active
ORD5545,CUST1545,40,PROD745,USA,2/24/2023,2/11/2024,2,active,8/12/2025,227.34,5,17,Sports,"Gaming Console",Electronics,Female,212,1136.7,Churned
ORD5546,CUST1546,36,PROD746,UK,7/4/2021,12/26/2022,2,active,1/9/2025,164.42,3,22,Clothing,Lamp,Home,Male,624,493.26,Churned
ORD5547,CUST1547,49,PROD747,Germany,5/21/2023,7/10/2025,2,active,10/23/2023,577.99,1,12,Electronics,Tablet,Electronics,Female,-303,577.99,Active
ORD5548,CUST1548,35,PROD748,UK,11/28/2020,3/24/2025,4,paused,3/24/2025,293.23,4,6,Beauty,Refrigerator,Home,Female,-195,1172.92,Active
ORD5549,CUST1549,56,PROD749,UK,5/3/2021,4/16/2022,1,active,1/24/2023,188.99,6,20,Beauty,"Yoga Mat",Sports,Male,878,1133.94,Churned
ORD5550,CUST1550,57,PROD750,Canada,10/2/2022,4/13/2025,5,active,6/21/2025,904.56,2,44,Clothing,Lipstick,Beauty,Male,-215,1809.12,Active
ORD5551,CUST1551,63,PROD751,UK,7/11/2021,8/25/2023,0,active,11/1/2024,1220.25,1,9,Home,Skirt,Clothing,Female,382,1220.25,Churned
ORD5552,CUST1552,29,PROD752,India,5/6/2022,12/16/2022,2,active,4/20/2023,34.17,6,35,Sports,"Cycling Helmet",Sports,Female,634,205.02,Churned
ORD5553,CUST1553,40,PROD753,USA,8/30/2021,6/19/2025,2,active,10/24/2024,152.91,9,5,Beauty,Shampoo,Beauty,Female,-282,1376.19,Active
ORD5554,CUST1554,54,PROD754,Germany,4/13/2022,2/9/2024,0,paused,12/5/2022,28.96,8,22,Home,Blender,Home,Female,214,231.68,Churned
ORD5555,CUST1555,52,PROD755,India,12/28/2021,2/23/2024,3,active,4/4/2024,167.97,7,6,Clothing,Jeans,Clothing,Male,200,1175.79,Churned
ORD5556,CUST1556,35,PROD756,India,10/20/2020,12/2/2022,5,active,6/20/2023,329.43,3,35,Electronics,Dress,Clothing,Female,648,988.29,Churned
ORD5557,CUST1557,67,PROD757,USA,11/9/2022,11/9/2024,4,active,1/6/2024,1543.19,1,42,Beauty,Lamp,Home,Male,-60,1543.19,Active
ORD5558,CUST1558,27,PROD758,UK,12/8/2021,5/4/2023,5,paused,1/6/2025,524.51,2,43,Beauty,"Dining Table",Home,Female,495,1049.02,Churned
ORD5559,CUST1559,38,PROD759,Germany,5/20/2021,7/31/2021,4,active,6/22/2022,342.38,4,41,Electronics,Jacket,Clothing,Female,1137,1369.52,Churned
ORD5560,CUST1560,41,PROD760,UK,5/11/2023,2/2/2025,3,cancelled,1/25/2024,164.78,9,22,Clothing,"Face Wash",Beauty,Female,-145,1483.02,Active
ORD5561,CUST1561,33,PROD761,India,3/12/2021,4/3/2024,3,active,1/31/2024,159.26,9,30,Home,Moisturizer,Beauty,Male,160,1433.34,Churned
ORD5562,CUST1562,45,PROD762,USA,11/9/2022,10/8/2024,3,active,1/5/2024,33.22,8,7,Clothing,Chair,Home,Female,-28,265.76,Active
ORD5563,CUST1563,28,PROD763,Germany,12/22/2021,3/28/2024,4,cancelled,2/26/2023,1815.34,1,19,Electronics,Blender,Home,Male,166,1815.34,Churned
ORD5564,CUST1564,27,PROD764,Germany,6/9/2021,4/5/2024,5,active,8/22/2021,17,4,2,Clothing,Smartwatch,Electronics,Male,158,68,Churned
ORD5565,CUST1565,33,PROD765,Pakistan,5/13/2022,10/12/2024,0,paused,1/20/2024,108.08,6,5,Sports,Camera,Electronics,Male,-32,648.48,Active
ORD5566,CUST1566,28,PROD766,India,2/23/2021,6/15/2022,4,active,11/6/2023,18.44,6,5,Beauty,Jacket,Clothing,Male,818,110.64000000000001,Churned
ORD5567,CUST1567,58,PROD767,UK,9/12/2020,10/25/2021,1,paused,11/1/2023,330.36,4,49,Clothing,"Running Shoes",Sports,Female,1051,1321.44,Churned
ORD5568,CUST1568,34,PROD768,Pakistan,4/20/2023,10/17/2023,2,active,2/4/2025,138.99,7,36,Home,Moisturizer,Beauty,Female,329,972.9300000000001,Churned
ORD5569,CUST1569,52,PROD769,Canada,11/24/2020,8/25/2023,4,active,12/19/2024,45.15,5,33,Sports,Laptop,Electronics,Female,382,225.75,Churned
ORD5570,CUST1570,51,PROD770,USA,10/19/2020,11/6/2023,0,active,3/18/2023,266.24,4,21,Beauty,"Dining Table",Home,Male,309,1064.96,Churned
ORD5571,CUST1571,38,PROD771,Pakistan,2/19/2023,4/10/2023,5,active,7/6/2023,127.91,9,29,Sports,Lamp,Home,Male,519,1151.19,Churned
ORD5572,CUST1572,46,PROD772,UK,5/20/2023,4/14/2025,0,active,3/28/2024,49.35,7,49,Clothing,Perfume,Beauty,Female,-216,345.45,Active
ORD5573,CUST1573,35,PROD773,USA,3/12/2021,11/4/2023,4,active,9/15/2021,12.69,9,14,Beauty,Camera,Electronics,Female,311,114.21,Churned
ORD5574,CUST1574,34,PROD774,Pakistan,12/15/2021,5/27/2025,4,active,12/16/2024,55.16,8,5,Beauty,Skirt,Clothing,Male,-259,441.28,Active
ORD5575,CUST1575,62,PROD775,Germany,7/24/2021,5/28/2025,4,active,8/9/2024,228.64,8,18,Sports,Smartphone,Electronics,Other,-260,1829.12,Active
ORD5576,CUST1576,56,PROD776,USA,7/31/2021,4/16/2023,4,active,7/1/2025,554.17,3,46,Clothing,"Bluetooth Speaker",Electronics,Female,513,1662.5099999999998,Churned
ORD5577,CUST1577,43,PROD777,UK,3/4/2021,6/2/2021,5,active,12/5/2022,559.72,1,3,Beauty,"Yoga Mat",Sports,Female,1196,559.72,Churned
ORD5578,CUST1578,43,PROD778,USA,1/7/2023,8/13/2023,4,active,7/16/2024,319.61,3,18,Sports,Hoodie,Clothing,Male,394,958.83,Churned
ORD5579,CUST1579,30,PROD779,Germany,12/21/2022,11/26/2023,0,active,4/29/2023,71.54,6,12,Electronics,Camera,Electronics,Other,289,429.24,Churned
ORD5580,CUST1580,46,PROD780,Germany,11/2/2020,4/17/2023,4,active,3/22/2024,36.79,8,17,Clothing,Jeans,Clothing,Male,512,294.32,Churned
ORD5581,CUST1581,65,PROD781,UK,5/23/2022,3/21/2023,1,active,7/16/2023,1276.55,1,48,Clothing,T-Shirt,Clothing,Male,539,1276.55,Churned
ORD5582,CUST1582,23,PROD782,UK,12/20/2020,11/14/2021,0,active,3/26/2021,683.35,2,10,Electronics,Sneakers,Clothing,Male,1031,1366.7,Churned
ORD5583,CUST1583,56,PROD783,Canada,9/23/2021,2/21/2024,5,cancelled,10/9/2022,137.79,5,12,Beauty,Lipstick,Beauty,Female,202,688.9499999999999,Churned
ORD5584,CUST1584,62,PROD784,USA,6/1/2022,8/9/2025,5,active,3/13/2024,309.26,4,17,Home,Shampoo,Beauty,Female,-333,1237.04,Active
ORD5585,CUST1585,31,PROD785,Pakistan,4/22/2022,10/17/2024,2,cancelled,8/25/2023,43.08,5,22,Electronics,"Nail Polish",Beauty,Female,-37,215.39999999999998,Active
ORD5586,CUST1586,67,PROD786,Germany,6/29/2023,1/2/2025,4,active,6/19/2024,659.12,3,32,Home,"Cricket Bat",Sports,Female,-114,1977.3600000000001,Active
ORD5587,CUST1587,69,PROD787,Canada,6/13/2022,11/8/2022,5,active,11/20/2023,177.67,7,28,Sports,Shirt,Clothing,Female,672,1243.6899999999998,Churned
ORD5588,CUST1588,65,PROD788,USA,3/14/2021,5/8/2023,4,paused,2/8/2022,215.02,7,19,Electronics,Dress,Clothing,Male,491,1505.14,Churned
ORD5589,CUST1589,51,PROD789,Germany,6/7/2021,7/9/2025,4,paused,7/7/2024,978.5,1,14,Home,"Face Wash",Beauty,Male,-302,978.5,Active
ORD5590,CUST1590,43,PROD790,USA,10/1/2020,10/11/2024,0,active,4/27/2022,180.39,2,44,Beauty,Chair,Home,Male,-31,360.78,Active
ORD5591,CUST1591,56,PROD791,Canada,9/29/2022,12/5/2023,5,cancelled,8/17/2024,275.98,4,21,Beauty,Microwave,Home,Female,280,1103.92,Churned
ORD5592,CUST1592,30,PROD792,USA,11/8/2022,9/20/2024,0,active,12/15/2024,105.63,7,36,Clothing,Laptop,Electronics,Female,-10,739.41,Active
ORD5593,CUST1593,35,PROD793,India,7/5/2023,1/23/2024,5,active,7/29/2023,427.02,4,35,Beauty,Refrigerator,Home,Female,231,1708.08,Churned
ORD5594,CUST1594,20,PROD794,Germany,4/23/2022,4/3/2025,1,active,9/30/2022,93.14,9,2,Sports,Microwave,Home,Female,-205,838.26,Active
ORD5595,CUST1595,59,PROD795,Pakistan,1/18/2022,10/3/2023,4,paused,9/20/2023,58.61,3,47,Clothing,Dumbbells,Sports,Other,343,175.82999999999998,Churned
ORD5596,CUST1596,53,PROD796,Pakistan,1/2/2023,2/14/2024,0,cancelled,4/13/2025,261.37,6,41,Electronics,Jacket,Clothing,Female,209,1568.22,Churned
ORD5597,CUST1597,66,PROD797,Canada,1/26/2021,1/28/2021,1,active,12/4/2023,697.6,2,8,Electronics,Perfume,Beauty,Male,1321,1395.2,Churned
ORD5598,CUST1598,31,PROD798,Pakistan,1/7/2021,7/4/2023,5,cancelled,10/24/2021,612.55,3,9,Home,Sofa,Home,Female,434,1837.6499999999999,Churned
ORD5599,CUST1599,59,PROD799,Germany,8/9/2022,6/23/2024,0,active,12/14/2022,150.44,2,47,Beauty,"Cricket Bat",Sports,Female,79,300.88,"At Risk"
ORD5600,CUST1600,18,PROD800,Germany,7/4/2023,4/2/2025,5,active,7/19/2023,118.23,9,40,Beauty,Dumbbells,Sports,Other,-204,1064.07,Active
ORD5601,CUST1601,57,PROD801,USA,7/24/2022,4/11/2024,4,active,12/7/2024,1043.23,1,9,Electronics,Microwave,Home,Male,152,1043.23,Churned
ORD5602,CUST1602,61,PROD802,Germany,2/7/2022,11/1/2024,0,paused,4/28/2025,619.73,3,11,Home,"Cycling Helmet",Sports,Female,-52,1859.19,Active
ORD5603,CUST1603,58,PROD803,UK,12/30/2022,8/6/2025,1,active,7/18/2023,449.28,3,47,Home,Skirt,Clothing,Female,-330,1347.84,Active
ORD5604,CUST1604,22,PROD804,Germany,4/28/2022,6/6/2025,2,active,4/3/2025,1181.37,1,17,Electronics,Dumbbells,Sports,Female,-269,1181.37,Active
ORD5605,CUST1605,53,PROD805,Germany,6/5/2023,11/26/2024,3,active,3/19/2024,56.24,9,31,Electronics,Sneakers,Clothing,Female,-77,506.16,Active
ORD5606,CUST1606,42,PROD806,Pakistan,1/11/2022,4/15/2023,1,active,4/4/2023,458.76,4,16,Electronics,Moisturizer,Beauty,Male,514,1835.04,Churned
ORD5607,CUST1607,57,PROD807,UK,2/6/2022,10/1/2022,0,cancelled,7/18/2024,4.92,8,40,Home,"Yoga Mat",Sports,Male,710,39.36,Churned
ORD5608,CUST1608,56,PROD808,UK,6/26/2023,1/17/2024,2,active,9/15/2024,314.8,4,4,Electronics,Microwave,Home,Female,237,1259.2,Churned
ORD5609,CUST1609,51,PROD809,Pakistan,8/18/2022,5/20/2023,4,paused,1/27/2023,475.45,4,1,Clothing,Perfume,Beauty,Female,479,1901.8,Churned
ORD5610,CUST1610,51,PROD810,Pakistan,9/17/2020,5/9/2022,2,active,5/30/2023,224.82,2,28,Sports,"Bluetooth Speaker",Electronics,Male,855,449.64,Churned
ORD5611,CUST1611,20,PROD811,USA,8/17/2021,12/25/2021,3,active,10/22/2024,187.96,2,32,Electronics,Shampoo,Beauty,Female,990,375.92,Churned
ORD5612,CUST1612,26,PROD812,Germany,1/17/2022,11/3/2023,4,active,2/5/2024,123.54,8,18,Beauty,Jacket,Clothing,Male,312,988.32,Churned
ORD5613,CUST1613,65,PROD813,India,7/11/2022,4/25/2023,1,cancelled,10/1/2024,384.32,4,13,Clothing,Conditioner,Beauty,Male,504,1537.28,Churned
ORD5614,CUST1614,53,PROD814,USA,4/23/2021,3/30/2024,5,cancelled,7/30/2025,158.27,4,40,Clothing,Laptop,Electronics,Male,164,633.08,Churned
ORD5615,CUST1615,61,PROD815,Pakistan,10/14/2022,8/10/2024,4,cancelled,5/26/2023,252.11,7,25,Clothing,"Face Wash",Beauty,Male,31,1764.77,Active
ORD5616,CUST1616,26,PROD816,Germany,12/27/2022,9/18/2024,1,active,6/15/2023,174.23,1,11,Sports,"Face Wash",Beauty,Male,-8,174.23,Active
ORD5617,CUST1617,36,PROD817,USA,9/8/2022,3/2/2025,1,active,6/27/2025,150.89,6,28,Beauty,Blender,Home,Male,-173,905.3399999999999,Active
ORD5618,CUST1618,56,PROD818,USA,8/4/2021,10/26/2024,2,cancelled,12/26/2022,169.91,8,24,Electronics,Smartphone,Electronics,Male,-46,1359.28,Active
ORD5619,CUST1619,57,PROD819,Pakistan,6/16/2021,8/27/2021,2,active,10/19/2021,94.81,4,33,Clothing,Laptop,Electronics,Male,1110,379.24,Churned
ORD5620,CUST1620,21,PROD820,UK,3/29/2022,9/19/2024,4,active,12/4/2023,168.81,3,37,Home,Moisturizer,Beauty,Female,-9,506.43,Active
ORD5621,CUST1621,34,PROD821,India,7/7/2023,7/30/2023,5,active,1/20/2025,415.64,1,13,Beauty,Skirt,Clothing,Female,408,415.64,Churned
ORD5622,CUST1622,23,PROD822,India,1/25/2022,5/28/2022,5,cancelled,8/23/2023,24.21,5,19,Electronics,Microwave,Home,Female,836,121.05000000000001,Churned
ORD5623,CUST1623,66,PROD823,USA,3/6/2022,3/8/2023,2,cancelled,7/23/2022,132.42,8,14,Home,"Gaming Console",Electronics,Male,552,1059.36,Churned
ORD5624,CUST1624,50,PROD824,USA,1/7/2021,4/28/2023,1,cancelled,1/25/2025,177.1,5,49,Clothing,"Face Wash",Beauty,Male,501,885.5,Churned
ORD5625,CUST1625,64,PROD825,UK,10/17/2020,1/6/2021,2,active,4/7/2022,239.59,7,35,Electronics,Basketball,Sports,Female,1343,1677.13,Churned
ORD5626,CUST1626,36,PROD826,India,12/21/2021,3/29/2025,3,cancelled,3/19/2024,165.39,5,28,Clothing,Smartphone,Electronics,Female,-200,826.9499999999999,Active
ORD5627,CUST1627,62,PROD827,Pakistan,8/23/2021,10/7/2023,1,paused,8/30/2022,445.44,2,28,Beauty,"Cricket Bat",Sports,Female,339,890.88,Churned
ORD5628,CUST1628,46,PROD828,Germany,9/22/2021,4/23/2024,5,cancelled,12/18/2024,562.29,3,30,Home,"Tennis Racket",Sports,Female,140,1686.87,Churned
ORD5629,CUST1629,43,PROD829,India,1/8/2022,10/17/2024,0,cancelled,12/29/2024,108.56,8,10,Clothing,Chair,Home,Female,-37,868.48,Active
ORD5630,CUST1630,67,PROD830,Germany,2/3/2021,5/6/2024,1,paused,12/16/2022,908.4,2,46,Clothing,Skirt,Clothing,Male,127,1816.8,Churned
ORD5631,CUST1631,57,PROD831,Canada,1/7/2022,6/29/2024,5,active,8/12/2025,1904.04,1,6,Beauty,Smartphone,Electronics,Female,73,1904.04,"At Risk"
ORD5632,CUST1632,46,PROD832,Pakistan,11/1/2021,1/26/2024,1,active,6/22/2023,313.25,6,42,Electronics,"Running Shoes",Sports,Male,228,1879.5,Churned
ORD5633,CUST1633,65,PROD833,Canada,8/12/2023,1/13/2024,0,paused,10/22/2024,174.86,8,37,Clothing,"Dining Table",Home,Male,241,1398.88,Churned
ORD5634,CUST1634,39,PROD834,Canada,11/13/2021,8/31/2022,5,active,2/4/2025,207.22,8,18,Clothing,"Cricket Bat",Sports,Male,741,1657.76,Churned
ORD5635,CUST1635,57,PROD835,India,6/16/2021,7/27/2025,0,active,9/6/2021,232.51,4,40,Home,Sofa,Home,Female,-320,930.04,Active
ORD5636,CUST1636,55,PROD836,Germany,1/2/2022,7/19/2023,0,active,2/4/2025,67.19,9,25,Sports,Lamp,Home,Female,419,604.71,Churned
ORD5637,CUST1637,37,PROD837,UK,6/19/2021,7/15/2025,0,active,3/16/2025,111.88,6,39,Electronics,Lipstick,Beauty,Male,-308,671.28,Active
ORD5638,CUST1638,58,PROD838,UK,7/27/2021,8/7/2025,3,paused,5/20/2022,924.05,1,1,Beauty,"Running Shoes",Sports,Female,-331,924.05,Active
ORD5639,CUST1639,40,PROD839,Pakistan,1/23/2021,9/30/2021,3,active,3/26/2023,85.08,6,6,Clothing,Basketball,Sports,Female,1076,510.48,Churned
ORD5640,CUST1640,69,PROD840,India,1/21/2021,6/22/2025,5,cancelled,8/28/2024,179.5,8,33,Beauty,Smartwatch,Electronics,Female,-285,1436,Active
ORD5641,CUST1641,41,PROD841,Germany,7/4/2021,9/23/2022,4,paused,8/22/2023,73.15,4,49,Home,Shirt,Clothing,Male,718,292.6,Churned
ORD5642,CUST1642,64,PROD842,Pakistan,9/11/2022,7/10/2025,0,active,1/11/2025,180.64,6,38,Home,Shirt,Clothing,Male,-303,1083.84,Active
ORD5643,CUST1643,46,PROD843,UK,8/31/2022,9/10/2023,0,active,1/22/2023,160.41,8,10,Beauty,Conditioner,Beauty,Male,366,1283.28,Churned
ORD5644,CUST1644,21,PROD844,Germany,7/5/2021,12/9/2024,0,active,7/5/2021,110.39,9,28,Sports,Conditioner,Beauty,Female,-90,993.51,Active
ORD5645,CUST1645,32,PROD845,Pakistan,11/29/2021,7/28/2025,2,active,8/5/2024,202.22,6,46,Clothing,Hoodie,Clothing,Female,-321,1213.32,Active
ORD5646,CUST1646,19,PROD846,Pakistan,9/4/2022,11/21/2023,4,active,6/4/2024,147.21,8,13,Home,Microwave,Home,Male,294,1177.68,Churned
ORD5647,CUST1647,52,PROD847,UK,6/24/2021,7/9/2025,3,paused,9/22/2021,211.08,2,16,Home,"Running Shoes",Sports,Female,-302,422.16,Active
ORD5648,CUST1648,24,PROD848,USA,8/10/2021,7/19/2023,0,paused,9/15/2024,57.73,8,25,Clothing,"Face Wash",Beauty,Male,419,461.84,Churned
ORD5649,CUST1649,66,PROD849,USA,12/27/2020,9/30/2023,2,cancelled,12/24/2022,786.08,2,19,Sports,Jeans,Clothing,Female,346,1572.16,Churned
ORD5650,CUST1650,43,PROD850,USA,6/26/2021,10/29/2023,4,active,5/18/2022,77.67,8,37,Beauty,Shampoo,Beauty,Female,317,621.36,Churned
ORD5651,CUST1651,25,PROD851,UK,4/15/2022,9/13/2022,5,active,11/10/2023,85.4,3,49,Sports,Jeans,Clothing,Male,728,256.20000000000005,Churned
ORD5652,CUST1652,59,PROD852,USA,2/24/2023,7/11/2024,1,active,5/5/2025,1165.65,1,28,Home,Dumbbells,Sports,Male,61,1165.65,"At Risk"
ORD5653,CUST1653,47,PROD853,UK,8/28/2021,12/14/2021,4,active,11/26/2021,49.06,7,20,Clothing,"Face Wash",Beauty,Male,1001,343.42,Churned
ORD5654,CUST1654,46,PROD854,Canada,1/27/2023,7/14/2024,4,active,9/21/2023,164.98,3,21,Beauty,Basketball,Sports,Female,58,494.93999999999994,Active
ORD5655,CUST1655,56,PROD855,Canada,7/12/2023,3/19/2024,3,cancelled,2/11/2024,286.43,3,16,Electronics,"Vacuum Cleaner",Home,Male,175,859.29,Churned
ORD5656,CUST1656,36,PROD856,Pakistan,10/29/2020,5/25/2023,1,active,4/22/2023,83.74,4,34,Sports,Chair,Home,Female,474,334.96,Churned
ORD5657,CUST1657,31,PROD857,Canada,1/9/2023,1/19/2025,0,active,11/3/2024,196.16,5,47,Clothing,Dumbbells,Sports,Female,-131,980.8,Active
ORD5658,CUST1658,39,PROD858,India,3/24/2023,8/16/2023,0,active,8/11/2025,694.93,2,22,Clothing,Perfume,Beauty,Female,391,1389.86,Churned
ORD5659,CUST1659,56,PROD859,Canada,9/29/2020,1/20/2025,4,active,7/6/2021,467.28,2,34,Sports,"Face Wash",Beauty,Female,-132,934.56,Active
ORD5660,CUST1660,60,PROD860,Pakistan,1/8/2023,11/15/2024,2,active,4/18/2023,146.17,9,18,Electronics,Sneakers,Clothing,Male,-66,1315.53,Active
ORD5661,CUST1661,32,PROD861,UK,5/27/2021,6/8/2022,3,active,6/18/2024,41.76,7,41,Home,Smartwatch,Electronics,Female,825,292.32,Churned
ORD5662,CUST1662,57,PROD862,UK,10/17/2020,2/16/2025,4,paused,1/7/2023,111.45,8,39,Clothing,Microwave,Home,Female,-159,891.6,Active
ORD5663,CUST1663,40,PROD863,Canada,8/23/2020,3/21/2025,1,active,5/15/2022,835.56,2,10,Beauty,Chair,Home,Female,-192,1671.12,Active
ORD5664,CUST1664,21,PROD864,India,4/10/2023,3/23/2025,2,paused,8/22/2023,660.78,3,8,Electronics,Smartphone,Electronics,Female,-194,1982.34,Active
ORD5665,CUST1665,42,PROD865,Germany,4/6/2022,9/9/2023,1,active,10/30/2022,150.11,6,49,Sports,Jeans,Clothing,Female,367,900.6600000000001,Churned
ORD5666,CUST1666,20,PROD866,Germany,6/12/2023,5/31/2024,0,cancelled,11/24/2024,283.26,2,49,Sports,Smartphone,Electronics,Male,102,566.52,Churned
ORD5667,CUST1667,32,PROD867,Canada,1/6/2023,6/24/2023,0,active,7/29/2023,986.68,1,29,Clothing,Lipstick,Beauty,Male,444,986.68,Churned
ORD5668,CUST1668,32,PROD868,UK,4/18/2022,5/24/2024,2,cancelled,7/27/2024,169.24,6,7,Home,"Yoga Mat",Sports,Female,109,1015.44,Churned
ORD5669,CUST1669,50,PROD869,Germany,12/15/2020,7/13/2025,4,cancelled,11/20/2021,192.21,9,10,Sports,Shirt,Clothing,Male,-306,1729.89,Active
ORD5670,CUST1670,30,PROD870,UK,9/23/2022,7/11/2023,3,active,11/19/2024,27.97,9,14,Electronics,Perfume,Beauty,Male,427,251.73,Churned
ORD5671,CUST1671,53,PROD871,Pakistan,12/6/2022,3/3/2023,4,cancelled,3/21/2025,170.74,6,39,Sports,"Tennis Racket",Sports,Female,557,1024.44,Churned
ORD5672,CUST1672,56,PROD872,Pakistan,8/19/2022,2/18/2023,1,cancelled,12/20/2023,124.97,5,21,Electronics,"Vacuum Cleaner",Home,Female,570,624.85,Churned
ORD5673,CUST1673,48,PROD873,Pakistan,12/3/2021,7/6/2022,2,paused,5/18/2024,78.19,7,30,Clothing,Perfume,Beauty,Female,797,547.3299999999999,Churned
ORD5674,CUST1674,25,PROD874,USA,2/21/2023,1/31/2025,5,active,6/25/2023,301.07,5,10,Electronics,Sofa,Home,Male,-143,1505.35,Active
ORD5675,CUST1675,42,PROD875,USA,10/4/2022,9/4/2023,4,paused,8/29/2024,51.81,5,31,Electronics,"Gaming Console",Electronics,Male,372,259.05,Churned
ORD5676,CUST1676,28,PROD876,India,10/5/2022,3/18/2023,0,cancelled,6/11/2025,817.55,2,1,Sports,Conditioner,Beauty,Female,542,1635.1,Churned
ORD5677,CUST1677,20,PROD877,USA,7/23/2023,4/11/2025,2,cancelled,4/28/2024,470.4,2,19,Beauty,Tablet,Electronics,Male,-213,940.8,Active
ORD5678,CUST1678,52,PROD878,Canada,6/2/2023,5/18/2024,2,paused,1/4/2025,244.14,6,10,Home,Refrigerator,Home,Female,115,1464.84,Churned
ORD5679,CUST1679,66,PROD879,Pakistan,6/26/2021,9/17/2021,2,active,9/19/2023,95.2,3,6,Beauty,"Gaming Console",Electronics,Female,1089,285.6,Churned
ORD5680,CUST1680,57,PROD880,Canada,5/23/2023,2/18/2025,2,active,7/13/2024,670.66,2,24,Sports,"Tennis Racket",Sports,Male,-161,1341.32,Active
ORD5681,CUST1681,40,PROD881,India,6/28/2022,1/17/2024,3,active,3/31/2023,213.06,1,13,Home,Lipstick,Beauty,Male,237,213.06,Churned
ORD5682,CUST1682,39,PROD882,India,3/3/2021,10/17/2022,5,active,3/8/2022,36.45,8,48,Home,Blender,Home,Female,694,291.6,Churned
ORD5683,CUST1683,63,PROD883,India,10/11/2020,7/15/2024,4,active,5/4/2025,3.53,7,15,Home,Conditioner,Beauty,Male,57,24.709999999999997,Active
ORD5684,CUST1684,40,PROD884,India,4/13/2022,3/4/2025,1,active,6/11/2025,1951.85,1,24,Home,Conditioner,Beauty,Male,-175,1951.85,Active
ORD5685,CUST1685,64,PROD885,USA,3/9/2022,1/25/2023,3,active,4/25/2025,12.39,6,1,Electronics,Dress,Clothing,Female,594,74.34,Churned
ORD5686,CUST1686,39,PROD886,Pakistan,1/6/2021,3/26/2021,1,paused,9/2/2024,28.48,3,15,Electronics,Blender,Home,Female,1264,85.44,Churned
ORD5687,CUST1687,48,PROD887,Canada,3/15/2022,8/25/2024,0,active,8/4/2022,853.97,2,14,Beauty,Dumbbells,Sports,Male,16,1707.94,Active
ORD5688,CUST1688,34,PROD888,USA,10/24/2020,11/23/2024,4,active,7/12/2023,149.49,4,33,Beauty,Tablet,Electronics,Male,-74,597.96,Active
ORD5689,CUST1689,42,PROD889,USA,7/5/2021,12/30/2021,3,cancelled,2/27/2025,46.66,3,24,Beauty,"Running Shoes",Sports,Male,985,139.98,Churned
ORD5690,CUST1690,43,PROD890,UK,5/18/2023,11/9/2023,4,paused,3/12/2025,130.19,9,44,Sports,Lipstick,Beauty,Male,306,1171.71,Churned
ORD5691,CUST1691,24,PROD891,USA,4/16/2021,7/2/2024,1,active,6/13/2022,528.2,3,11,Home,Tablet,Electronics,Female,70,1584.6000000000001,"At Risk"
ORD5692,CUST1692,35,PROD892,USA,5/25/2021,3/30/2023,0,active,12/26/2024,189.18,7,19,Electronics,Tablet,Electronics,Male,530,1324.26,Churned
ORD5693,CUST1693,51,PROD893,India,2/10/2022,1/17/2024,4,active,11/18/2022,45.62,6,38,Beauty,Refrigerator,Home,Female,237,273.71999999999997,Churned
ORD5694,CUST1694,65,PROD894,Canada,5/13/2021,4/19/2024,4,cancelled,1/10/2023,86.53,5,30,Clothing,Camera,Electronics,Male,144,432.65,Churned
ORD5695,CUST1695,39,PROD895,Pakistan,2/16/2023,9/5/2024,4,cancelled,9/8/2023,19.37,9,22,Electronics,Dress,Clothing,Female,5,174.33,Active
ORD5696,CUST1696,65,PROD896,Canada,9/29/2021,11/27/2022,5,cancelled,10/3/2023,356.89,3,11,Clothing,Headphones,Electronics,Male,653,1070.67,Churned
ORD5697,CUST1697,47,PROD897,UK,9/4/2020,8/11/2021,4,active,3/27/2025,219.58,9,14,Electronics,Basketball,Sports,Female,1126,1976.22,Churned
ORD5698,CUST1698,31,PROD898,UK,12/26/2021,7/19/2025,4,active,12/26/2024,1371.02,1,3,Beauty,Chair,Home,Male,-312,1371.02,Active
ORD5699,CUST1699,18,PROD899,Canada,9/25/2021,8/29/2022,4,paused,4/13/2025,29.54,7,4,Sports,"Running Shoes",Sports,Male,743,206.78,Churned
ORD5700,CUST1700,55,PROD900,Canada,1/5/2022,7/15/2024,4,paused,6/30/2023,155.45,4,15,Sports,Conditioner,Beauty,Male,57,621.8,Active
ORD5701,CUST1701,29,PROD901,Canada,1/29/2023,9/4/2023,5,paused,2/18/2023,25.49,5,21,Clothing,Headphones,Electronics,Female,372,127.44999999999999,Churned
ORD5702,CUST1702,69,PROD902,Pakistan,7/20/2023,8/7/2025,5,active,7/2/2024,18.68,7,24,Home,"Cricket Bat",Sports,Female,-331,130.76,Active
ORD5703,CUST1703,65,PROD903,Canada,11/20/2021,3/16/2024,5,active,4/25/2022,1143.02,1,32,Clothing,"Gaming Console",Electronics,Female,178,1143.02,Churned
ORD5704,CUST1704,56,PROD904,UK,7/1/2023,3/12/2024,3,paused,11/23/2023,17.62,9,5,Home,"Running Shoes",Sports,Female,182,158.58,Churned
ORD5705,CUST1705,31,PROD905,USA,3/23/2023,12/16/2024,2,active,12/13/2024,167.43,7,15,Clothing,Foundation,Beauty,Female,-97,1172.01,Active
ORD5706,CUST1706,40,PROD906,UK,5/2/2023,6/25/2023,1,active,7/31/2025,244.85,5,34,Beauty,Football,Sports,Female,443,1224.25,Churned
ORD5707,CUST1707,44,PROD907,USA,5/6/2022,10/10/2023,1,cancelled,4/20/2024,73.97,7,46,Sports,Lipstick,Beauty,Female,336,517.79,Churned
ORD5708,CUST1708,47,PROD908,Canada,1/25/2023,6/15/2024,1,active,9/15/2024,898.76,2,26,Electronics,Skirt,Clothing,Female,87,1797.52,"At Risk"
ORD5709,CUST1709,51,PROD909,Germany,1/8/2021,8/26/2022,3,cancelled,5/13/2023,209.36,4,36,Home,Refrigerator,Home,Male,746,837.44,Churned
ORD5710,CUST1710,22,PROD910,UK,2/16/2022,3/20/2022,5,active,3/24/2024,143.04,9,45,Home,Blender,Home,Female,905,1287.36,Churned
ORD5711,CUST1711,19,PROD911,Canada,8/16/2023,2/27/2025,4,active,5/28/2024,164.34,4,47,Electronics,Shirt,Clothing,Male,-170,657.36,Active
ORD5712,CUST1712,67,PROD912,Germany,1/29/2022,1/25/2023,2,active,1/30/2023,188.11,7,16,Electronics,Blender,Home,Female,594,1316.77,Churned
ORD5713,CUST1713,33,PROD913,Canada,8/12/2022,1/13/2025,1,cancelled,5/1/2024,343.89,5,32,Electronics,Jeans,Clothing,Male,-125,1719.4499999999998,Active
ORD5714,CUST1714,67,PROD914,Canada,5/13/2021,9/10/2021,1,cancelled,6/6/2024,291.77,4,41,Home,Perfume,Beauty,Male,1096,1167.08,Churned
ORD5715,CUST1715,67,PROD915,UK,8/14/2023,6/14/2025,5,active,8/5/2025,289.38,5,46,Electronics,"Gaming Console",Electronics,Male,-277,1446.9,Active
ORD5716,CUST1716,59,PROD916,USA,4/5/2022,7/15/2024,2,active,9/11/2024,184.92,8,12,Beauty,Dress,Clothing,Male,57,1479.36,Active
ORD5717,CUST1717,68,PROD917,Pakistan,9/2/2021,10/26/2023,1,paused,2/12/2022,95.6,8,38,Electronics,"Cricket Bat",Sports,Female,320,764.8,Churned
ORD5718,CUST1718,46,PROD918,UK,10/26/2020,1/16/2022,4,active,1/25/2024,12.05,7,12,Beauty,Tablet,Electronics,Male,968,84.35000000000001,Churned
ORD5719,CUST1719,34,PROD919,UK,12/25/2022,5/18/2023,3,cancelled,3/14/2024,877.48,2,45,Sports,Blender,Home,Female,481,1754.96,Churned
ORD5720,CUST1720,36,PROD920,USA,2/7/2021,8/20/2024,3,paused,7/21/2025,129.11,7,49,Home,Chair,Home,Female,21,903.7700000000001,Active
ORD5721,CUST1721,18,PROD921,UK,7/22/2021,5/15/2022,1,active,8/12/2022,699.1,1,29,Home,Chair,Home,Female,849,699.1,Churned
ORD5722,CUST1722,19,PROD922,UK,1/17/2021,5/5/2024,3,active,11/20/2023,10.32,6,4,Home,"Bluetooth Speaker",Electronics,Female,128,61.92,Churned
ORD5723,CUST1723,28,PROD923,Pakistan,9/16/2022,8/2/2025,1,active,1/8/2023,196.1,9,15,Home,Dress,Clothing,Female,-326,1764.8999999999999,Active
ORD5724,CUST1724,49,PROD924,UK,2/7/2023,1/28/2025,1,active,4/7/2025,173.64,9,16,Clothing,Smartphone,Electronics,Male,-140,1562.7599999999998,Active
ORD5725,CUST1725,39,PROD925,India,7/19/2022,12/26/2024,5,cancelled,2/1/2024,206.65,5,43,Electronics,Hoodie,Clothing,Female,-107,1033.25,Active
ORD5726,CUST1726,18,PROD926,Canada,1/4/2023,3/21/2023,1,active,11/13/2023,477.57,1,41,Clothing,Camera,Electronics,Male,539,477.57,Churned
ORD5727,CUST1727,53,PROD927,Pakistan,4/2/2021,11/22/2022,0,active,2/23/2024,68.9,6,17,Electronics,Skirt,Clothing,Female,658,413.40000000000003,Churned
ORD5728,CUST1728,65,PROD928,Germany,3/11/2023,12/16/2024,3,active,12/11/2024,238.83,7,22,Electronics,Foundation,Beauty,Female,-97,1671.8100000000002,Active
ORD5729,CUST1729,62,PROD929,India,9/28/2021,5/23/2025,0,paused,11/14/2021,120.28,5,46,Sports,Dumbbells,Sports,Male,-255,601.4,Active
ORD5730,CUST1730,51,PROD930,Germany,3/12/2021,4/4/2024,0,active,8/25/2023,880.32,1,30,Home,Smartwatch,Electronics,Male,159,880.32,Churned
ORD5731,CUST1731,63,PROD931,Germany,4/2/2023,7/30/2024,1,active,9/20/2023,425.19,1,8,Home,"Yoga Mat",Sports,Female,42,425.19,Active
ORD5732,CUST1732,27,PROD932,Pakistan,3/31/2023,12/26/2023,5,active,12/31/2023,436.81,3,42,Beauty,Jacket,Clothing,Male,259,1310.43,Churned
ORD5733,CUST1733,50,PROD933,Pakistan,6/19/2021,4/24/2023,0,active,10/1/2024,54.65,3,21,Electronics,Basketball,Sports,Female,505,163.95,Churned
ORD5734,CUST1734,51,PROD934,UK,12/24/2021,4/7/2024,3,active,9/30/2022,178.57,6,33,Beauty,Shampoo,Beauty,Male,156,1071.42,Churned
ORD5735,CUST1735,67,PROD935,Canada,6/30/2021,4/12/2025,2,active,7/23/2024,18.43,9,33,Clothing,Shirt,Clothing,Female,-214,165.87,Active
ORD5736,CUST1736,41,PROD936,India,9/27/2020,7/25/2021,1,cancelled,5/4/2024,162.13,8,24,Sports,Perfume,Beauty,Female,1143,1297.04,Churned
ORD5737,CUST1737,19,PROD937,Pakistan,11/9/2021,9/23/2023,2,active,9/15/2023,215.86,4,5,Sports,"Dining Table",Home,Female,353,863.44,Churned
ORD5738,CUST1738,68,PROD938,Canada,4/14/2021,8/10/2023,2,active,7/19/2024,448.02,4,4,Sports,Dumbbells,Sports,Male,397,1792.08,Churned
ORD5739,CUST1739,24,PROD939,UK,3/16/2022,7/23/2024,1,active,12/25/2022,202.23,4,29,Beauty,Moisturizer,Beauty,Female,49,808.92,Active
ORD5740,CUST1740,67,PROD940,Germany,11/6/2022,11/8/2024,1,active,8/10/2025,412.98,1,22,Beauty,Perfume,Beauty,Male,-59,412.98,Active
ORD5741,CUST1741,45,PROD941,Canada,2/16/2021,3/27/2021,4,cancelled,7/20/2023,187.53,4,22,Home,Dumbbells,Sports,Male,1263,750.12,Churned
ORD5742,CUST1742,52,PROD942,UK,7/13/2022,12/29/2022,1,active,11/7/2024,140.81,8,5,Home,"Bluetooth Speaker",Electronics,Male,621,1126.48,Churned
ORD5743,CUST1743,52,PROD943,India,9/14/2021,10/17/2024,1,active,3/31/2025,66.97,7,1,Home,Headphones,Electronics,Other,-37,468.78999999999996,Active
ORD5744,CUST1744,60,PROD944,UK,10/15/2021,12/27/2024,5,active,1/12/2024,73.09,5,12,Beauty,Microwave,Home,Female,-108,365.45000000000005,Active
ORD5745,CUST1745,49,PROD945,Pakistan,11/25/2021,6/13/2023,5,active,10/18/2022,1326.91,1,3,Clothing,"Dining Table",Home,Male,455,1326.91,Churned
ORD5746,CUST1746,59,PROD946,Canada,4/21/2021,11/7/2022,1,active,7/12/2021,187.35,2,23,Beauty,Foundation,Beauty,Female,673,374.7,Churned
ORD5747,CUST1747,45,PROD947,UK,6/13/2021,10/8/2024,0,active,8/13/2022,421.14,2,23,Clothing,Shampoo,Beauty,Female,-28,842.28,Active
ORD5748,CUST1748,37,PROD948,India,4/10/2022,3/28/2025,2,active,7/18/2022,107.87,9,31,Home,Microwave,Home,Female,-199,970.83,Active
ORD5749,CUST1749,38,PROD949,India,12/3/2020,6/11/2023,4,active,10/26/2023,185.96,9,6,Clothing,Chair,Home,Female,457,1673.64,Churned
ORD5750,CUST1750,44,PROD950,USA,6/9/2023,3/8/2025,3,cancelled,9/29/2024,180.94,7,34,Beauty,Basketball,Sports,Female,-179,1266.58,Active
ORD5751,CUST1751,26,PROD951,UK,5/11/2022,3/26/2023,2,paused,10/11/2022,138.8,3,1,Sports,"Yoga Mat",Sports,Female,534,416.40000000000003,Churned
ORD5752,CUST1752,38,PROD952,Pakistan,5/15/2023,8/31/2024,2,cancelled,4/6/2025,856.16,1,26,Sports,Smartwatch,Electronics,Male,10,856.16,Active
ORD5753,CUST1753,24,PROD953,USA,7/14/2023,2/8/2025,5,active,6/9/2024,206.67,9,8,Beauty,"Face Wash",Beauty,Male,-151,1860.03,Active
ORD5754,CUST1754,33,PROD954,India,10/20/2021,2/14/2025,2,active,11/8/2022,175.1,3,19,Beauty,Tablet,Electronics,Male,-157,525.3,Active
ORD5755,CUST1755,58,PROD955,Canada,3/30/2021,3/26/2023,5,active,6/12/2024,174.92,5,15,Beauty,Moisturizer,Beauty,Female,534,874.5999999999999,Churned
ORD5756,CUST1756,64,PROD956,USA,4/5/2021,11/30/2023,0,cancelled,1/19/2022,406.39,3,46,Beauty,Smartphone,Electronics,Other,285,1219.17,Churned
ORD5757,CUST1757,53,PROD957,Germany,9/17/2022,11/27/2024,3,active,3/11/2023,190.94,9,43,Sports,Laptop,Electronics,Male,-78,1718.46,Active
ORD5758,CUST1758,35,PROD958,UK,11/10/2020,1/4/2021,3,active,5/6/2025,453.96,4,17,Clothing,Smartphone,Electronics,Male,1345,1815.84,Churned
ORD5759,CUST1759,45,PROD959,India,6/27/2021,6/14/2022,3,active,9/21/2023,186.85,4,8,Beauty,Football,Sports,Female,819,747.4,Churned
ORD5760,CUST1760,41,PROD960,Germany,7/12/2021,12/18/2022,3,paused,7/26/2021,136.28,9,24,Sports,"Face Wash",Beauty,Male,632,1226.52,Churned
ORD5761,CUST1761,46,PROD961,USA,5/15/2021,11/10/2023,2,cancelled,6/18/2024,187.92,5,30,Sports,Smartphone,Electronics,Female,305,939.5999999999999,Churned
ORD5762,CUST1762,33,PROD962,Pakistan,8/20/2021,11/1/2023,5,active,4/3/2023,1779.7,1,12,Sports,"Face Wash",Beauty,Male,314,1779.7,Churned
ORD5763,CUST1763,38,PROD963,UK,5/20/2022,4/10/2023,2,active,8/16/2024,107.63,5,5,Sports,Football,Sports,Female,519,538.15,Churned
ORD5764,CUST1764,29,PROD964,India,4/10/2023,7/28/2024,0,cancelled,1/24/2024,312.62,2,21,Home,"Vacuum Cleaner",Home,Female,44,625.24,Active
ORD5765,CUST1765,38,PROD965,UK,10/5/2020,12/4/2024,4,paused,3/31/2021,296.94,5,36,Beauty,"Face Wash",Beauty,Female,-85,1484.7,Active
ORD5766,CUST1766,38,PROD966,UK,3/4/2023,4/28/2025,4,cancelled,12/10/2024,604.99,3,5,Clothing,Blender,Home,Male,-230,1814.97,Active
ORD5767,CUST1767,67,PROD967,UK,4/13/2023,3/10/2025,2,active,5/4/2024,267.93,5,19,Beauty,Microwave,Home,Female,-181,1339.65,Active
ORD5768,CUST1768,38,PROD968,India,5/8/2023,7/21/2025,0,cancelled,2/15/2025,452.36,4,48,Sports,Skirt,Clothing,Male,-314,1809.44,Active
ORD5769,CUST1769,46,PROD969,Canada,12/5/2021,5/17/2022,1,active,10/11/2022,890.55,2,24,Clothing,Sneakers,Clothing,Male,847,1781.1,Churned
ORD5770,CUST1770,27,PROD970,USA,9/22/2021,7/9/2025,4,active,5/9/2023,345.88,2,41,Home,Jacket,Clothing,Female,-302,691.76,Active
ORD5771,CUST1771,23,PROD971,Germany,1/30/2021,10/4/2023,0,active,8/17/2022,104.9,9,26,Sports,Moisturizer,Beauty,Male,342,944.1,Churned
ORD5772,CUST1772,67,PROD972,USA,5/15/2023,1/25/2024,1,active,7/24/2025,469.38,4,19,Home,"Tennis Racket",Sports,Male,229,1877.52,Churned
ORD5773,CUST1773,30,PROD973,UK,3/31/2022,1/25/2023,2,active,8/29/2022,1603.98,1,11,Beauty,"Running Shoes",Sports,Female,594,1603.98,Churned
ORD5774,CUST1774,50,PROD974,USA,3/14/2021,6/8/2021,4,active,11/2/2023,94.71,9,35,Sports,Chair,Home,Other,1190,852.39,Churned
ORD5775,CUST1775,47,PROD975,India,12/27/2020,10/21/2024,2,active,10/10/2023,356.64,3,10,Electronics,Sofa,Home,Male,-41,1069.92,Active
ORD5776,CUST1776,46,PROD976,Pakistan,7/7/2022,1/10/2024,2,cancelled,9/30/2022,1866.7,1,22,Beauty,Perfume,Beauty,Female,244,1866.7,Churned
ORD5777,CUST1777,34,PROD977,USA,3/18/2023,6/19/2023,0,active,12/29/2024,163.7,9,14,Clothing,Moisturizer,Beauty,Female,449,1473.3,Churned
ORD5778,CUST1778,45,PROD978,Pakistan,11/11/2020,10/18/2022,4,cancelled,12/17/2021,155.82,4,12,Sports,"Cycling Helmet",Sports,Female,693,623.28,Churned
ORD5779,CUST1779,48,PROD979,UK,7/22/2022,6/23/2025,0,paused,9/18/2023,106.1,8,4,Clothing,Refrigerator,Home,Male,-286,848.8,Active
ORD5780,CUST1780,22,PROD980,India,12/26/2021,4/11/2023,4,active,2/18/2022,1612.53,1,17,Electronics,Conditioner,Beauty,Female,518,1612.53,Churned
ORD5781,CUST1781,25,PROD981,USA,2/11/2022,4/25/2022,1,active,12/3/2022,62.63,9,25,Electronics,Camera,Electronics,Female,869,563.6700000000001,Churned
ORD5782,CUST1782,57,PROD982,India,7/6/2023,6/20/2024,2,active,9/13/2023,119.67,8,27,Electronics,Laptop,Electronics,Female,82,957.36,"At Risk"
ORD5783,CUST1783,47,PROD983,Pakistan,7/24/2022,8/1/2023,1,active,1/25/2023,521.39,2,45,Electronics,Dumbbells,Sports,Male,406,1042.78,Churned
ORD5784,CUST1784,50,PROD984,UK,3/9/2023,11/2/2024,5,paused,3/12/2023,206.37,9,8,Clothing,Foundation,Beauty,Female,-53,1857.33,Active
ORD5785,CUST1785,43,PROD985,India,4/11/2023,7/13/2024,1,active,10/31/2023,415.32,4,17,Sports,"Nail Polish",Beauty,Male,59,1661.28,Active
ORD5786,CUST1786,31,PROD986,Germany,8/16/2021,7/8/2025,5,active,4/14/2024,591.74,2,27,Clothing,Headphones,Electronics,Male,-301,1183.48,Active
ORD5787,CUST1787,47,PROD987,Canada,5/19/2022,7/20/2024,3,cancelled,3/12/2025,80.74,8,33,Home,Dress,Clothing,Female,52,645.92,Active
ORD5788,CUST1788,24,PROD988,Canada,1/20/2021,1/28/2023,2,active,5/21/2024,306.56,6,3,Sports,"Nail Polish",Beauty,Female,591,1839.3600000000001,Churned
ORD5789,CUST1789,21,PROD989,Canada,8/15/2022,3/6/2025,4,cancelled,10/19/2022,355.84,5,34,Beauty,"Gaming Console",Electronics,Female,-177,1779.1999999999998,Active
ORD5790,CUST1790,61,PROD990,Pakistan,8/2/2021,4/24/2023,4,paused,8/3/2024,1830.76,1,38,Clothing,Refrigerator,Home,Female,505,1830.76,Churned
ORD5791,CUST1791,30,PROD991,Pakistan,3/29/2021,12/11/2023,2,active,8/29/2022,160.18,7,5,Clothing,Conditioner,Beauty,Male,274,1121.26,Churned
ORD5792,CUST1792,40,PROD992,India,3/16/2023,2/16/2024,0,active,11/8/2023,617.63,3,24,Beauty,"Face Wash",Beauty,Female,207,1852.8899999999999,Churned
ORD5793,CUST1793,50,PROD993,India,9/21/2021,3/15/2022,2,cancelled,3/19/2023,535.52,3,1,Electronics,Football,Sports,Female,910,1606.56,Churned
ORD5794,CUST1794,67,PROD994,India,10/15/2020,8/10/2025,2,cancelled,5/29/2021,182.19,5,19,Home,Sneakers,Clothing,Male,-334,910.95,Active
ORD5795,CUST1795,46,PROD995,UK,3/4/2023,5/3/2024,2,active,11/14/2024,93.02,4,41,Home,Refrigerator,Home,Female,130,372.08,Churned
ORD5796,CUST1796,20,PROD996,Canada,1/22/2022,6/5/2023,1,active,11/29/2022,166,8,39,Beauty,"Dining Table",Home,Male,463,1328,Churned
ORD5797,CUST1797,54,PROD997,India,2/15/2021,9/9/2022,0,active,12/31/2022,70.69,6,38,Sports,Sofa,Home,Female,732,424.14,Churned
ORD5798,CUST1798,42,PROD998,UK,2/8/2021,1/17/2025,1,cancelled,12/16/2024,389.13,4,38,Sports,"Running Shoes",Sports,Female,-129,1556.52,Active
ORD5799,CUST1799,49,PROD999,Germany,7/26/2022,4/6/2023,3,active,9/18/2023,775.47,1,36,Home,"Yoga Mat",Sports,Male,523,775.47,Churned
ORD5800,CUST1800,46,PROD1000,UK,4/30/2022,5/9/2024,2,active,1/13/2023,275.37,6,30,Sports,Smartphone,Electronics,Female,124,1652.22,Churned
ORD5801,CUST1801,24,PROD1001,UK,4/20/2021,10/15/2024,2,active,10/21/2023,70.36,8,45,Home,Shirt,Clothing,Female,-35,562.88,Active
ORD5802,CUST1802,19,PROD1002,UK,11/15/2022,7/15/2025,1,active,5/24/2023,584.12,2,38,Clothing,"Nail Polish",Beauty,Male,-308,1168.24,Active
ORD5803,CUST1803,65,PROD1003,Canada,4/3/2021,8/12/2024,1,cancelled,1/30/2022,275.07,7,25,Sports,Moisturizer,Beauty,Male,29,1925.49,Active
ORD5804,CUST1804,19,PROD1004,USA,11/20/2021,5/13/2023,3,active,7/2/2022,228.54,6,18,Beauty,Blender,Home,Male,486,1371.24,Churned
ORD5805,CUST1805,42,PROD1005,Germany,1/12/2023,2/13/2024,2,cancelled,10/3/2024,206.83,6,3,Home,Chair,Home,Female,210,1240.98,Churned
ORD5806,CUST1806,30,PROD1006,Pakistan,9/15/2022,10/26/2022,1,active,7/13/2023,164.25,3,8,Sports,Shampoo,Beauty,Male,685,492.75,Churned
ORD5807,CUST1807,54,PROD1007,India,4/24/2023,5/15/2024,5,paused,7/3/2025,59.56,9,15,Sports,Dumbbells,Sports,Female,118,536.04,Churned
ORD5808,CUST1808,68,PROD1008,Germany,6/18/2021,4/28/2023,0,active,9/11/2021,321.07,6,37,Clothing,Football,Sports,Male,501,1926.42,Churned
ORD5809,CUST1809,39,PROD1009,India,7/8/2021,7/15/2023,5,cancelled,7/10/2023,1727.6,1,38,Electronics,Smartphone,Electronics,Male,423,1727.6,Churned
ORD5810,CUST1810,39,PROD1010,UK,9/24/2021,4/23/2024,5,active,9/22/2022,636.4,1,38,Clothing,Perfume,Beauty,Male,140,636.4,Churned
ORD5811,CUST1811,19,PROD1011,USA,11/18/2022,4/4/2023,1,active,4/28/2024,3.22,8,29,Beauty,Shirt,Clothing,Male,525,25.76,Churned
ORD5812,CUST1812,31,PROD1012,India,6/9/2021,8/4/2022,3,paused,5/5/2022,412.53,3,15,Sports,"Dining Table",Home,Male,768,1237.59,Churned
ORD5813,CUST1813,36,PROD1013,Germany,2/6/2023,2/15/2023,0,active,12/16/2023,6.28,6,23,Home,Jacket,Clothing,Female,573,37.68,Churned
ORD5814,CUST1814,48,PROD1014,USA,9/13/2020,7/11/2023,4,active,10/29/2022,220.15,4,11,Sports,Lipstick,Beauty,Female,427,880.6,Churned
ORD5815,CUST1815,32,PROD1015,India,4/20/2022,12/19/2022,1,active,6/21/2024,386.61,3,13,Beauty,Shirt,Clothing,Male,631,1159.83,Churned
ORD5816,CUST1816,66,PROD1016,UK,12/4/2022,7/16/2024,1,active,1/9/2025,133.37,8,33,Clothing,Jacket,Clothing,Male,56,1066.96,Active
ORD5817,CUST1817,46,PROD1017,Germany,6/11/2022,2/21/2024,4,paused,5/2/2023,159.66,8,27,Beauty,Smartwatch,Electronics,Female,202,1277.28,Churned
ORD5818,CUST1818,47,PROD1018,Germany,3/26/2021,11/23/2024,1,paused,3/8/2023,777.63,2,5,Clothing,Moisturizer,Beauty,Male,-74,1555.26,Active
ORD5819,CUST1819,65,PROD1019,Canada,5/20/2023,5/14/2025,0,active,7/23/2023,160.33,8,49,Electronics,"Tennis Racket",Sports,Female,-246,1282.64,Active
ORD5820,CUST1820,36,PROD1020,USA,2/22/2021,4/21/2023,3,cancelled,7/29/2021,281.82,6,38,Electronics,Lipstick,Beauty,Female,508,1690.92,Churned
ORD5821,CUST1821,54,PROD1021,Canada,10/5/2021,7/11/2023,2,active,5/6/2022,32.79,5,8,Sports,Foundation,Beauty,Male,427,163.95,Churned
ORD5822,CUST1822,67,PROD1022,USA,12/17/2022,9/11/2023,0,active,10/10/2024,64.02,9,49,Beauty,Shampoo,Beauty,Male,365,576.18,Churned
ORD5823,CUST1823,65,PROD1023,Canada,11/4/2021,2/16/2025,5,active,4/8/2022,219.25,6,7,Clothing,"Vacuum Cleaner",Home,Female,-159,1315.5,Active
ORD5824,CUST1824,36,PROD1024,Germany,10/3/2022,7/29/2025,3,cancelled,7/30/2025,240.97,3,12,Home,Headphones,Electronics,Female,-322,722.91,Active
ORD5825,CUST1825,59,PROD1025,Germany,11/17/2022,4/10/2023,0,cancelled,8/6/2024,109.65,8,33,Sports,Lipstick,Beauty,Other,519,877.2,Churned
ORD5826,CUST1826,63,PROD1026,UK,8/5/2022,1/11/2023,5,paused,2/12/2025,147.48,4,33,Electronics,Tablet,Electronics,Female,608,589.92,Churned
ORD5827,CUST1827,29,PROD1027,Germany,5/26/2022,2/19/2023,0,cancelled,5/19/2025,285.81,4,22,Sports,Shampoo,Beauty,Female,569,1143.24,Churned
ORD5828,CUST1828,46,PROD1028,UK,8/8/2021,1/29/2022,4,paused,3/5/2025,247.44,2,4,Electronics,Shirt,Clothing,Male,955,494.88,Churned
ORD5829,CUST1829,61,PROD1029,Pakistan,11/4/2020,5/30/2024,4,active,2/28/2025,392.68,5,24,Sports,Dumbbells,Sports,Male,103,1963.4,Churned
ORD5830,CUST1830,21,PROD1030,USA,12/9/2021,10/25/2023,1,paused,3/12/2022,571.02,2,47,Beauty,Smartwatch,Electronics,Female,321,1142.04,Churned
ORD5831,CUST1831,67,PROD1031,Germany,4/21/2022,12/22/2023,0,active,1/2/2024,193.46,9,1,Beauty,Conditioner,Beauty,Female,263,1741.14,Churned
ORD5832,CUST1832,60,PROD1032,Canada,1/26/2022,3/9/2025,0,cancelled,10/18/2023,212.68,9,10,Beauty,Chair,Home,Female,-180,1914.1200000000001,Active
ORD5833,CUST1833,26,PROD1033,India,4/18/2022,4/26/2024,5,active,9/17/2024,630.94,3,26,Beauty,Hoodie,Clothing,Male,137,1892.8200000000002,Churned
ORD5834,CUST1834,47,PROD1034,Pakistan,10/7/2020,6/14/2024,1,paused,9/16/2021,1649.05,1,18,Beauty,Dumbbells,Sports,Male,88,1649.05,"At Risk"
ORD5835,CUST1835,67,PROD1035,UK,9/15/2022,2/23/2023,5,active,1/16/2023,235.74,7,4,Beauty,"Vacuum Cleaner",Home,Female,565,1650.18,Churned
ORD5836,CUST1836,57,PROD1036,India,3/29/2022,6/26/2023,0,cancelled,2/18/2023,280.06,2,36,Home,"Yoga Mat",Sports,Other,442,560.12,Churned
ORD5837,CUST1837,61,PROD1037,Canada,10/3/2021,8/22/2024,3,paused,2/8/2025,407.36,2,7,Home,Chair,Home,Other,19,814.72,Active
ORD5838,CUST1838,49,PROD1038,India,5/1/2021,7/24/2022,0,cancelled,3/25/2025,15.74,6,38,Beauty,Football,Sports,Male,779,94.44,Churned
ORD5839,CUST1839,36,PROD1039,Pakistan,8/30/2021,7/8/2024,5,cancelled,5/16/2022,192.7,6,6,Electronics,"Gaming Console",Electronics,Female,64,1156.1999999999998,"At Risk"
ORD5840,CUST1840,27,PROD1040,Germany,4/20/2021,12/28/2021,3,active,6/8/2023,69.18,5,36,Beauty,Chair,Home,Female,987,345.90000000000003,Churned
ORD5841,CUST1841,42,PROD1041,Germany,1/17/2023,7/22/2023,5,cancelled,9/24/2024,579.37,3,40,Sports,Skirt,Clothing,Male,416,1738.1100000000001,Churned
ORD5842,CUST1842,32,PROD1042,India,9/28/2021,3/10/2022,1,paused,5/2/2023,394.58,3,39,Beauty,"Yoga Mat",Sports,Female,915,1183.74,Churned
ORD5843,CUST1843,62,PROD1043,Canada,8/31/2020,6/9/2025,0,active,9/18/2020,225.37,5,38,Beauty,Skirt,Clothing,Female,-272,1126.85,Active
ORD5844,CUST1844,29,PROD1044,UK,6/6/2023,5/5/2025,2,cancelled,6/20/2024,134.1,3,34,Beauty,Jeans,Clothing,Other,-237,402.29999999999995,Active
ORD5845,CUST1845,60,PROD1045,Canada,1/18/2023,4/18/2024,2,cancelled,9/6/2024,271.53,5,45,Beauty,"Vacuum Cleaner",Home,Female,145,1357.6499999999999,Churned
ORD5846,CUST1846,53,PROD1046,India,1/18/2023,2/5/2025,3,cancelled,3/29/2025,185.23,4,5,Beauty,"Bluetooth Speaker",Electronics,Female,-148,740.92,Active
ORD5847,CUST1847,28,PROD1047,Germany,7/24/2021,9/11/2021,1,active,2/24/2024,659.34,3,1,Beauty,Tablet,Electronics,Male,1095,1978.02,Churned
ORD5848,CUST1848,69,PROD1048,Germany,12/26/2021,8/22/2023,4,cancelled,10/17/2024,115.48,2,35,Beauty,"Cricket Bat",Sports,Female,385,230.96,Churned
ORD5849,CUST1849,23,PROD1049,Germany,4/1/2021,11/23/2024,0,active,6/17/2025,216.91,4,41,Beauty,Sneakers,Clothing,Male,-74,867.64,Active
ORD5850,CUST1850,55,PROD1050,Germany,3/26/2021,3/28/2024,1,active,3/27/2021,565.54,2,15,Sports,Shirt,Clothing,Male,166,1131.08,Churned
ORD5851,CUST1851,38,PROD1051,Germany,4/21/2023,2/6/2025,2,cancelled,12/9/2023,1146.75,1,31,Sports,"Tennis Racket",Sports,Female,-149,1146.75,Active
ORD5852,CUST1852,21,PROD1052,India,6/2/2021,7/22/2024,4,paused,8/3/2021,308.27,6,29,Home,Sneakers,Clothing,Male,50,1849.62,Active
ORD5853,CUST1853,57,PROD1053,USA,12/4/2021,7/30/2025,0,active,4/30/2024,35.94,6,47,Home,Football,Sports,Male,-323,215.64,Active
ORD5854,CUST1854,42,PROD1054,Canada,1/30/2022,5/29/2024,4,active,8/12/2022,59.83,7,40,Electronics,"Tennis Racket",Sports,Female,104,418.81,Churned
ORD5855,CUST1855,49,PROD1055,USA,6/3/2023,4/6/2025,0,active,9/5/2024,71.23,5,28,Sports,Perfume,Beauty,Female,-208,356.15000000000003,Active
ORD5856,CUST1856,57,PROD1056,Germany,6/12/2023,7/1/2023,3,active,9/5/2024,57.8,9,37,Home,Refrigerator,Home,Female,437,520.1999999999999,Churned
ORD5857,CUST1857,66,PROD1057,USA,3/30/2023,5/8/2023,3,active,12/23/2023,168.42,8,36,Sports,"Cycling Helmet",Sports,Female,491,1347.36,Churned
ORD5858,CUST1858,59,PROD1058,USA,5/8/2023,12/15/2024,3,active,1/18/2024,459.91,4,20,Sports,Shirt,Clothing,Male,-96,1839.64,Active
ORD5859,CUST1859,19,PROD1059,India,8/17/2021,4/18/2022,3,active,2/18/2025,553.7,3,34,Clothing,Lamp,Home,Male,876,1661.1000000000001,Churned
ORD5860,CUST1860,35,PROD1060,Germany,2/3/2022,6/11/2023,1,paused,8/6/2023,109.72,9,46,Home,"Dining Table",Home,Female,457,987.48,Churned
ORD5861,CUST1861,30,PROD1061,Canada,5/3/2021,12/26/2024,4,active,11/7/2021,185.49,8,5,Sports,Football,Sports,Female,-107,1483.92,Active
ORD5862,CUST1862,65,PROD1062,Germany,5/2/2021,7/13/2021,3,cancelled,6/5/2024,120.62,7,43,Home,"Vacuum Cleaner",Home,Female,1155,844.34,Churned
ORD5863,CUST1863,31,PROD1063,USA,8/19/2023,5/29/2024,4,active,10/7/2024,12.13,8,49,Electronics,Smartphone,Electronics,Male,104,97.04,Churned
ORD5864,CUST1864,62,PROD1064,Pakistan,6/16/2022,5/9/2024,0,active,10/25/2022,125.67,8,4,Beauty,Foundation,Beauty,Male,124,1005.36,Churned
ORD5865,CUST1865,61,PROD1065,Germany,8/4/2021,11/29/2023,1,active,3/1/2024,257.64,5,11,Home,Lamp,Home,Male,286,1288.1999999999998,Churned
ORD5866,CUST1866,47,PROD1066,Pakistan,10/2/2020,3/4/2025,4,cancelled,4/25/2024,271.11,3,30,Home,"Yoga Mat",Sports,Female,-175,813.33,Active
ORD5867,CUST1867,48,PROD1067,USA,6/17/2021,9/24/2021,4,cancelled,6/15/2023,163.32,9,45,Beauty,"Nail Polish",Beauty,Female,1082,1469.8799999999999,Churned
ORD5868,CUST1868,53,PROD1068,USA,10/19/2022,9/28/2023,4,active,2/25/2025,392.26,5,1,Sports,Dumbbells,Sports,Female,348,1961.3,Churned
ORD5869,CUST1869,55,PROD1069,Germany,9/20/2022,7/29/2023,3,active,12/4/2024,13.61,6,4,Beauty,Shampoo,Beauty,Female,409,81.66,Churned
ORD5870,CUST1870,68,PROD1070,Pakistan,8/28/2021,3/9/2022,5,active,4/18/2022,216.65,3,7,Home,Hoodie,Clothing,Female,916,649.95,Churned
ORD5871,CUST1871,67,PROD1071,Pakistan,1/24/2021,11/11/2022,3,cancelled,10/27/2023,16.71,2,40,Clothing,Sofa,Home,Female,669,33.42,Churned
ORD5872,CUST1872,18,PROD1072,Canada,11/30/2021,2/3/2022,0,paused,9/6/2023,175.08,9,22,Sports,Sofa,Home,Male,950,1575.72,Churned
ORD5873,CUST1873,32,PROD1073,Germany,8/30/2020,3/30/2025,1,active,4/12/2024,14.48,3,43,Clothing,Hoodie,Clothing,Male,-201,43.44,Active
ORD5874,CUST1874,46,PROD1074,Germany,9/18/2020,1/1/2025,2,active,11/5/2020,278.55,7,46,Beauty,Dress,Clothing,Male,-113,1949.8500000000001,Active
ORD5875,CUST1875,62,PROD1075,India,4/22/2021,2/9/2023,1,active,8/17/2022,214.18,9,2,Sports,"Dining Table",Home,Female,579,1927.6200000000001,Churned
ORD5876,CUST1876,23,PROD1076,Germany,4/7/2022,4/22/2025,5,cancelled,5/16/2025,230.54,3,49,Sports,"Yoga Mat",Sports,Female,-224,691.62,Active
ORD5877,CUST1877,20,PROD1077,India,6/19/2021,6/26/2024,5,paused,10/28/2021,389.52,3,32,Home,Jacket,Clothing,Female,76,1168.56,"At Risk"
ORD5878,CUST1878,66,PROD1078,Germany,4/29/2022,7/31/2023,2,paused,5/21/2023,51.37,7,38,Home,Dumbbells,Sports,Male,407,359.59,Churned
ORD5879,CUST1879,57,PROD1079,Canada,12/27/2020,1/25/2021,1,cancelled,8/10/2023,122.69,3,2,Electronics,Jeans,Clothing,Female,1324,368.07,Churned
ORD5880,CUST1880,69,PROD1080,USA,11/14/2022,5/24/2025,2,active,6/15/2025,330.62,6,14,Sports,Skirt,Clothing,Other,-256,1983.72,Active
ORD5881,CUST1881,18,PROD1081,USA,7/8/2022,2/3/2023,3,active,5/31/2023,158.04,9,19,Electronics,Hoodie,Clothing,Male,585,1422.36,Churned
ORD5882,CUST1882,33,PROD1082,Germany,1/28/2021,7/10/2025,4,active,12/17/2024,206.38,3,10,Electronics,Moisturizer,Beauty,Male,-303,619.14,Active
ORD5883,CUST1883,24,PROD1083,UK,12/31/2020,1/17/2022,3,paused,8/14/2023,79.18,8,35,Clothing,"Cricket Bat",Sports,Female,967,633.44,Churned
ORD5884,CUST1884,45,PROD1084,Germany,1/30/2023,7/31/2023,2,cancelled,5/9/2025,255.14,6,39,Sports,"Dining Table",Home,Female,407,1530.84,Churned
ORD5885,CUST1885,57,PROD1085,India,9/18/2021,5/23/2022,1,active,3/23/2025,37.3,8,35,Sports,"Yoga Mat",Sports,Female,841,298.4,Churned
ORD5886,CUST1886,61,PROD1086,Pakistan,6/16/2023,8/21/2024,5,active,6/23/2025,204.47,8,19,Home,Shirt,Clothing,Female,20,1635.76,Active
ORD5887,CUST1887,46,PROD1087,Germany,6/1/2021,10/10/2023,5,cancelled,5/12/2025,67.58,2,34,Clothing,"Cricket Bat",Sports,Female,336,135.16,Churned
ORD5888,CUST1888,61,PROD1088,India,4/10/2021,8/24/2022,0,active,11/16/2023,120.78,8,36,Electronics,Football,Sports,Male,748,966.24,Churned
ORD5889,CUST1889,51,PROD1089,UK,11/16/2022,12/27/2024,4,active,3/8/2023,11.14,5,1,Home,"Running Shoes",Sports,Male,-108,55.7,Active
ORD5890,CUST1890,48,PROD1090,USA,11/2/2021,12/16/2022,0,active,7/13/2023,1928.31,1,21,Home,Tablet,Electronics,Female,634,1928.31,Churned
ORD5891,CUST1891,50,PROD1091,Germany,5/14/2022,5/25/2025,0,active,9/12/2024,90.22,9,5,Beauty,T-Shirt,Clothing,Female,-257,811.98,Active
ORD5892,CUST1892,55,PROD1092,UK,2/16/2021,11/18/2024,1,paused,6/5/2021,571.94,3,24,Home,"Gaming Console",Electronics,Female,-69,1715.8200000000002,Active
ORD5893,CUST1893,35,PROD1093,India,12/11/2021,7/18/2025,0,cancelled,3/26/2024,294.41,5,32,Home,Refrigerator,Home,Female,-311,1472.0500000000002,Active
ORD5894,CUST1894,21,PROD1094,Pakistan,5/15/2021,9/7/2024,0,paused,4/17/2024,68.21,7,22,Clothing,Moisturizer,Beauty,Other,3,477.46999999999997,Active
ORD5895,CUST1895,51,PROD1095,Germany,9/13/2022,3/18/2023,2,active,6/22/2025,134.68,3,31,Beauty,Sneakers,Clothing,Female,542,404.04,Churned
ORD5896,CUST1896,50,PROD1096,Pakistan,12/3/2022,11/15/2024,5,active,6/8/2023,295.07,5,42,Home,Chair,Home,Other,-66,1475.35,Active
ORD5897,CUST1897,44,PROD1097,Pakistan,3/10/2021,2/11/2024,5,active,7/24/2025,168.3,9,17,Beauty,Football,Sports,Female,212,1514.7,Churned
ORD5898,CUST1898,39,PROD1098,India,8/28/2020,10/24/2023,3,paused,3/2/2022,134.51,9,32,Electronics,"Yoga Mat",Sports,Male,322,1210.59,Churned
ORD5899,CUST1899,50,PROD1099,USA,11/27/2020,3/4/2022,1,cancelled,10/28/2023,203.05,7,43,Electronics,"Tennis Racket",Sports,Male,921,1421.3500000000001,Churned
ORD5900,CUST1900,32,PROD1100,USA,3/11/2023,1/8/2024,2,active,12/22/2023,645.38,3,9,Beauty,Smartphone,Electronics,Male,246,1936.1399999999999,Churned
ORD5901,CUST1901,64,PROD1101,Germany,12/9/2020,12/14/2024,1,active,12/21/2022,395.81,4,44,Electronics,Smartwatch,Electronics,Male,-95,1583.24,Active
ORD5902,CUST1902,32,PROD1102,UK,3/2/2023,11/15/2023,5,active,12/12/2024,326.37,4,2,Sports,T-Shirt,Clothing,Male,300,1305.48,Churned
ORD5903,CUST1903,20,PROD1103,India,5/14/2022,8/10/2024,1,active,1/20/2024,1200.43,1,31,Sports,Shampoo,Beauty,Female,31,1200.43,Active
ORD5904,CUST1904,44,PROD1104,USA,12/27/2022,2/11/2025,2,active,11/18/2024,772.71,2,4,Beauty,Smartphone,Electronics,Female,-154,1545.42,Active
ORD5905,CUST1905,40,PROD1105,USA,9/7/2020,7/12/2025,4,active,1/23/2021,23.66,7,46,Home,Jeans,Clothing,Female,-305,165.62,Active
ORD5906,CUST1906,24,PROD1106,Germany,6/29/2021,1/11/2025,4,active,5/7/2024,285.94,6,31,Beauty,Skirt,Clothing,Male,-123,1715.6399999999999,Active
ORD5907,CUST1907,21,PROD1107,UK,11/13/2021,1/21/2025,1,active,8/11/2025,412.26,4,9,Home,Sneakers,Clothing,Female,-133,1649.04,Active
ORD5908,CUST1908,54,PROD1108,Germany,7/3/2021,5/28/2023,3,active,6/26/2025,111.59,7,42,Sports,"Bluetooth Speaker",Electronics,Male,471,781.13,Churned
ORD5909,CUST1909,23,PROD1109,USA,6/18/2022,6/13/2024,5,active,10/8/2023,135.86,7,29,Beauty,"Running Shoes",Sports,Male,89,951.0200000000001,"At Risk"
ORD5910,CUST1910,64,PROD1110,UK,12/8/2021,5/7/2022,3,paused,7/8/2024,652.41,3,26,Clothing,Dumbbells,Sports,Female,857,1957.23,Churned
ORD5911,CUST1911,62,PROD1111,Canada,12/26/2020,4/4/2024,3,active,10/2/2023,27.29,7,34,Sports,Sneakers,Clothing,Female,159,191.03,Churned
ORD5912,CUST1912,23,PROD1112,USA,4/4/2023,1/17/2025,1,cancelled,12/13/2023,113.52,8,43,Electronics,Jacket,Clothing,Female,-129,908.16,Active
ORD5913,CUST1913,28,PROD1113,India,7/8/2023,2/1/2025,3,cancelled,9/21/2023,162.82,4,11,Home,Smartphone,Electronics,Male,-144,651.28,Active
ORD5914,CUST1914,63,PROD1114,Germany,2/22/2021,11/9/2024,5,cancelled,3/17/2022,12.45,8,8,Clothing,Lamp,Home,Female,-60,99.6,Active
ORD5915,CUST1915,38,PROD1115,USA,2/7/2022,10/14/2023,0,cancelled,1/1/2023,105.53,2,26,Sports,Skirt,Clothing,Female,332,211.06,Churned
ORD5916,CUST1916,51,PROD1116,USA,7/11/2022,8/23/2022,5,cancelled,1/14/2024,177.37,9,37,Home,Skirt,Clothing,Female,749,1596.33,Churned
ORD5917,CUST1917,67,PROD1117,Canada,6/26/2022,10/25/2022,5,active,6/29/2024,236.75,1,24,Beauty,Laptop,Electronics,Male,686,236.75,Churned
ORD5918,CUST1918,51,PROD1118,Pakistan,11/11/2022,4/13/2023,0,active,7/5/2024,89.84,6,43,Clothing,Dumbbells,Sports,Female,516,539.04,Churned
ORD5919,CUST1919,31,PROD1119,Pakistan,9/28/2020,12/18/2021,5,active,7/6/2021,236.87,8,40,Electronics,Sneakers,Clothing,Female,997,1894.96,Churned
ORD5920,CUST1920,48,PROD1120,Pakistan,5/10/2022,12/9/2023,2,cancelled,1/3/2025,485.77,4,49,Electronics,Microwave,Home,Male,276,1943.08,Churned
ORD5921,CUST1921,36,PROD1121,India,11/29/2022,11/25/2024,5,active,7/6/2023,223.3,6,22,Home,"Yoga Mat",Sports,Male,-76,1339.8000000000002,Active
ORD5922,CUST1922,68,PROD1122,Canada,12/1/2020,4/23/2021,2,cancelled,5/3/2023,141.79,8,17,Clothing,Lamp,Home,Female,1236,1134.32,Churned
ORD5923,CUST1923,44,PROD1123,USA,4/5/2021,3/2/2022,4,active,6/10/2024,316.21,6,22,Sports,Basketball,Sports,Male,923,1897.2599999999998,Churned
ORD5924,CUST1924,66,PROD1124,UK,5/27/2021,5/8/2025,1,active,5/7/2025,253.96,1,37,Clothing,Blender,Home,Female,-240,253.96,Active
ORD5925,CUST1925,33,PROD1125,India,1/18/2023,1/30/2024,0,paused,7/23/2025,314.54,1,39,Electronics,"Dining Table",Home,Female,224,314.54,Churned
ORD5926,CUST1926,44,PROD1126,UK,4/8/2021,3/24/2023,4,active,11/11/2023,183.6,7,30,Clothing,Headphones,Electronics,Other,536,1285.2,Churned
ORD5927,CUST1927,54,PROD1127,Germany,9/28/2020,9/10/2023,3,paused,5/23/2023,326.2,5,16,Home,Refrigerator,Home,Female,366,1631,Churned
ORD5928,CUST1928,19,PROD1128,India,10/31/2020,6/13/2023,1,paused,4/19/2023,203.29,9,8,Electronics,Conditioner,Beauty,Male,455,1829.61,Churned
ORD5929,CUST1929,21,PROD1129,UK,10/15/2021,5/1/2022,0,active,4/18/2024,287.98,4,38,Electronics,Jeans,Clothing,Other,863,1151.92,Churned
ORD5930,CUST1930,42,PROD1130,Pakistan,4/22/2023,10/14/2023,3,active,9/8/2024,1187.15,1,37,Beauty,"Vacuum Cleaner",Home,Female,332,1187.15,Churned
ORD5931,CUST1931,31,PROD1131,USA,6/18/2021,9/15/2024,1,active,3/25/2024,41.26,2,43,Electronics,"Tennis Racket",Sports,Female,-5,82.52,Active
ORD5932,CUST1932,25,PROD1132,UK,9/7/2020,5/14/2025,5,active,6/26/2021,442.11,4,32,Sports,Shampoo,Beauty,Male,-246,1768.44,Active
ORD5933,CUST1933,21,PROD1133,Canada,9/8/2021,1/27/2025,0,active,6/30/2022,157.4,7,45,Sports,Lipstick,Beauty,Male,-139,1101.8,Active
ORD5934,CUST1934,30,PROD1134,USA,3/5/2022,4/8/2025,0,active,8/9/2024,840.86,2,21,Home,"Tennis Racket",Sports,Female,-210,1681.72,Active
ORD5935,CUST1935,43,PROD1135,Canada,10/23/2022,5/5/2024,3,paused,8/21/2024,267.94,6,40,Sports,Refrigerator,Home,Female,128,1607.6399999999999,Churned
ORD5936,CUST1936,40,PROD1136,UK,1/24/2022,9/16/2023,5,active,3/20/2025,221.07,8,27,Clothing,Sofa,Home,Male,360,1768.56,Churned
ORD5937,CUST1937,52,PROD1137,Germany,4/15/2021,6/22/2024,0,cancelled,6/2/2025,198.6,4,47,Electronics,Shirt,Clothing,Male,80,794.4,"At Risk"
ORD5938,CUST1938,69,PROD1138,Canada,12/5/2020,4/30/2022,1,active,8/8/2022,1782.82,1,47,Sports,Dumbbells,Sports,Female,864,1782.82,Churned
ORD5939,CUST1939,45,PROD1139,Pakistan,3/18/2022,7/21/2022,3,cancelled,5/18/2025,246.91,7,25,Home,Tablet,Electronics,Male,782,1728.37,Churned
ORD5940,CUST1940,26,PROD1140,Pakistan,7/8/2021,2/26/2023,0,paused,10/11/2024,41.5,7,7,Electronics,"Cricket Bat",Sports,Male,562,290.5,Churned
ORD5941,CUST1941,27,PROD1141,USA,11/6/2022,6/29/2024,3,active,8/2/2023,49.54,5,2,Electronics,"Cricket Bat",Sports,Male,73,247.7,"At Risk"
ORD5942,CUST1942,56,PROD1142,UK,5/6/2022,1/21/2024,1,active,5/18/2025,394.99,5,35,Home,Jacket,Clothing,Female,233,1974.95,Churned
ORD5943,CUST1943,38,PROD1143,Germany,3/13/2023,4/4/2023,0,active,9/4/2023,117.48,6,47,Home,"Yoga Mat",Sports,Female,525,704.88,Churned
ORD5944,CUST1944,33,PROD1144,India,2/21/2021,3/16/2024,5,cancelled,6/8/2021,262.89,4,14,Home,Football,Sports,Male,178,1051.56,Churned
ORD5945,CUST1945,19,PROD1145,Canada,4/5/2022,12/7/2022,0,paused,9/22/2022,113.64,9,17,Electronics,Foundation,Beauty,Male,643,1022.76,Churned
ORD5946,CUST1946,44,PROD1146,Germany,7/18/2023,1/18/2024,1,paused,5/17/2025,871.85,2,23,Electronics,Dress,Clothing,Female,236,1743.7,Churned
ORD5947,CUST1947,69,PROD1147,USA,5/31/2022,6/22/2022,5,active,2/26/2023,470.37,3,37,Electronics,Laptop,Electronics,Male,811,1411.1100000000001,Churned
ORD5948,CUST1948,39,PROD1148,USA,12/11/2020,6/7/2021,5,active,7/24/2021,349.45,5,22,Electronics,"Cycling Helmet",Sports,Male,1191,1747.25,Churned
ORD5949,CUST1949,67,PROD1149,India,10/20/2021,7/25/2022,0,paused,11/27/2023,246.71,6,12,Clothing,Perfume,Beauty,Female,778,1480.26,Churned
ORD5950,CUST1950,22,PROD1150,Germany,4/9/2023,4/22/2024,2,active,3/27/2025,219.88,4,48,Clothing,Skirt,Clothing,Male,141,879.52,Churned
ORD5951,CUST1951,57,PROD1151,Canada,9/9/2022,9/2/2023,5,active,10/11/2022,38.9,7,48,Sports,"Vacuum Cleaner",Home,Female,374,272.3,Churned
ORD5952,CUST1952,18,PROD1152,Pakistan,8/27/2022,8/14/2023,5,active,4/24/2024,235.66,6,9,Clothing,Foundation,Beauty,Male,393,1413.96,Churned
ORD5953,CUST1953,30,PROD1153,Canada,4/13/2021,4/13/2025,1,active,11/20/2024,1880.02,1,48,Clothing,Blender,Home,Female,-215,1880.02,Active
ORD5954,CUST1954,64,PROD1154,Pakistan,6/15/2023,12/21/2024,4,cancelled,12/25/2024,55.52,9,42,Sports,"Cricket Bat",Sports,Male,-102,499.68,Active
ORD5955,CUST1955,45,PROD1155,USA,4/11/2023,2/9/2025,1,active,6/18/2023,73.02,6,21,Beauty,Perfume,Beauty,Female,-152,438.12,Active
ORD5956,CUST1956,58,PROD1156,Pakistan,11/28/2021,3/27/2025,3,active,2/8/2023,1802.85,1,37,Electronics,T-Shirt,Clothing,Male,-198,1802.85,Active
ORD5957,CUST1957,21,PROD1157,Pakistan,10/12/2021,10/27/2021,5,cancelled,11/8/2023,778.38,2,28,Home,Sneakers,Clothing,Male,1049,1556.76,Churned
ORD5958,CUST1958,22,PROD1158,Pakistan,1/27/2022,9/29/2024,3,cancelled,11/30/2024,128.14,9,9,Home,"Bluetooth Speaker",Electronics,Female,-19,1153.2599999999998,Active
ORD5959,CUST1959,36,PROD1159,Germany,8/2/2021,7/8/2022,3,active,12/2/2023,175.21,7,5,Electronics,Basketball,Sports,Female,795,1226.47,Churned
ORD5960,CUST1960,24,PROD1160,India,10/3/2020,3/15/2025,4,cancelled,9/16/2023,178.84,3,34,Sports,Basketball,Sports,Male,-186,536.52,Active
ORD5961,CUST1961,65,PROD1161,Canada,1/21/2022,8/13/2022,1,active,4/24/2024,100.8,6,38,Beauty,"Dining Table",Home,Female,759,604.8,Churned
ORD5962,CUST1962,56,PROD1162,USA,10/31/2021,7/25/2025,0,active,8/19/2024,469.18,3,12,Electronics,Smartwatch,Electronics,Male,-318,1407.54,Active
ORD5963,CUST1963,21,PROD1163,India,9/26/2022,5/19/2023,1,cancelled,7/25/2023,395.18,5,7,Home,Sneakers,Clothing,Male,480,1975.9,Churned
ORD5964,CUST1964,39,PROD1164,Canada,11/14/2022,5/1/2025,3,active,11/1/2024,66.9,7,5,Electronics,T-Shirt,Clothing,Female,-233,468.30000000000007,Active
ORD5965,CUST1965,39,PROD1165,Pakistan,11/4/2021,12/21/2023,3,cancelled,2/3/2022,228.96,7,11,Electronics,Sneakers,Clothing,Female,264,1602.72,Churned
ORD5966,CUST1966,29,PROD1166,USA,5/13/2021,2/19/2024,2,paused,4/6/2023,150.3,5,44,Sports,Perfume,Beauty,Male,204,751.5,Churned
ORD5967,CUST1967,32,PROD1167,Germany,7/31/2021,5/20/2022,2,cancelled,8/4/2025,77.12,3,31,Clothing,Chair,Home,Male,844,231.36,Churned
ORD5968,CUST1968,54,PROD1168,Pakistan,3/10/2021,6/12/2024,1,active,7/21/2021,72.21,6,29,Electronics,Lamp,Home,Female,90,433.26,"At Risk"
ORD5969,CUST1969,36,PROD1169,India,6/20/2023,12/11/2024,1,cancelled,9/7/2023,196.33,3,22,Beauty,Camera,Electronics,Male,-92,588.99,Active
ORD5970,CUST1970,47,PROD1170,Germany,3/17/2022,3/19/2025,4,active,12/8/2023,3.79,6,47,Clothing,Moisturizer,Beauty,Male,-190,22.740000000000002,Active
ORD5971,CUST1971,29,PROD1171,India,4/18/2022,11/14/2024,5,active,10/29/2023,106.22,3,36,Electronics,"Dining Table",Home,Female,-65,318.65999999999997,Active
ORD5972,CUST1972,62,PROD1172,India,1/5/2023,7/24/2025,2,cancelled,10/20/2024,180.75,3,37,Electronics,"Nail Polish",Beauty,Female,-317,542.25,Active
ORD5973,CUST1973,61,PROD1173,Pakistan,9/25/2021,1/18/2025,3,active,9/10/2022,296.92,4,28,Electronics,Camera,Electronics,Female,-130,1187.68,Active
ORD5974,CUST1974,63,PROD1174,Canada,3/2/2022,1/23/2023,5,active,12/18/2024,29.5,8,14,Home,Jacket,Clothing,Male,596,236,Churned
ORD5975,CUST1975,53,PROD1175,India,5/6/2022,5/24/2025,2,active,1/8/2023,31.86,9,14,Beauty,Tablet,Electronics,Female,-256,286.74,Active
ORD5976,CUST1976,43,PROD1176,USA,6/12/2023,11/7/2023,0,active,6/23/2025,145.88,7,9,Clothing,Basketball,Sports,Female,308,1021.16,Churned
ORD5977,CUST1977,63,PROD1177,Canada,5/26/2021,12/3/2022,5,active,12/14/2023,296.35,4,8,Beauty,Camera,Electronics,Male,647,1185.4,Churned
ORD5978,CUST1978,61,PROD1178,Pakistan,12/14/2022,9/18/2023,0,active,6/21/2023,488.66,4,20,Home,Camera,Electronics,Male,358,1954.64,Churned
ORD5979,CUST1979,29,PROD1179,Canada,7/3/2022,6/25/2025,1,paused,11/28/2023,132.21,4,6,Beauty,Lipstick,Beauty,Female,-288,528.84,Active
ORD5980,CUST1980,64,PROD1180,Pakistan,4/18/2022,2/26/2025,3,paused,7/23/2022,213.5,7,39,Home,Jacket,Clothing,Female,-169,1494.5,Active
ORD5981,CUST1981,46,PROD1181,UK,6/27/2023,4/18/2025,3,cancelled,4/2/2024,160.9,7,41,Sports,Hoodie,Clothing,Male,-220,1126.3,Active
ORD5982,CUST1982,67,PROD1182,Pakistan,9/28/2020,9/11/2022,1,cancelled,9/28/2020,58.81,7,46,Clothing,Lipstick,Beauty,Male,730,411.67,Churned
ORD5983,CUST1983,37,PROD1183,UK,4/10/2022,5/15/2022,0,active,6/11/2022,211.84,6,30,Beauty,Camera,Electronics,Male,849,1271.04,Churned
ORD5984,CUST1984,25,PROD1184,India,3/14/2021,6/10/2022,1,active,6/18/2025,1982.82,1,7,Sports,Sneakers,Clothing,Male,823,1982.82,Churned
ORD5985,CUST1985,22,PROD1185,Pakistan,2/6/2023,3/7/2024,3,paused,4/24/2025,9.93,8,28,Beauty,"Tennis Racket",Sports,Male,187,79.44,Churned
ORD5986,CUST1986,54,PROD1186,Germany,4/1/2021,2/4/2024,3,active,8/23/2024,7.25,8,29,Home,Jeans,Clothing,Male,219,58,Churned
ORD5987,CUST1987,18,PROD1187,UK,2/19/2023,4/24/2023,4,active,9/21/2024,21.48,9,17,Clothing,"Bluetooth Speaker",Electronics,Female,505,193.32,Churned
ORD5988,CUST1988,44,PROD1188,Germany,1/8/2023,7/31/2023,4,active,4/2/2023,211.96,1,3,Home,Chair,Home,Male,407,211.96,Churned
ORD5989,CUST1989,62,PROD1189,India,12/25/2022,6/7/2024,0,active,8/16/2024,231.71,4,2,Electronics,Blender,Home,Female,95,926.84,Churned
ORD5990,CUST1990,42,PROD1190,UK,2/24/2022,10/29/2022,1,active,1/8/2024,186.02,6,11,Electronics,Conditioner,Beauty,Female,682,1116.1200000000001,Churned
ORD5991,CUST1991,53,PROD1191,Pakistan,2/11/2021,9/19/2024,1,paused,11/26/2022,437.26,1,8,Home,Smartphone,Electronics,Female,-9,437.26,Active
ORD5992,CUST1992,26,PROD1192,Pakistan,2/13/2022,2/15/2024,1,cancelled,8/16/2025,139.94,3,33,Home,Perfume,Beauty,Other,208,419.82,Churned
ORD5993,CUST1993,40,PROD1193,UK,12/20/2022,11/21/2023,2,active,2/6/2024,125.24,4,3,Sports,Smartphone,Electronics,Female,294,500.96,Churned
ORD5994,CUST1994,49,PROD1194,Pakistan,12/9/2020,3/22/2021,5,active,5/3/2025,404.7,1,19,Beauty,Refrigerator,Home,Female,1268,404.7,Churned
ORD5995,CUST1995,32,PROD1195,Pakistan,9/13/2020,5/7/2023,5,active,6/26/2023,141.68,8,21,Home,Perfume,Beauty,Female,492,1133.44,Churned
ORD5996,CUST1996,39,PROD1196,Canada,11/20/2021,6/5/2025,1,active,4/4/2022,297.66,5,27,Sports,"Cricket Bat",Sports,Male,-268,1488.3000000000002,Active
ORD5997,CUST1997,53,PROD1197,UK,10/13/2022,10/15/2023,2,active,7/12/2023,36.92,5,24,Sports,Football,Sports,Female,331,184.60000000000002,Churned
ORD5998,CUST1998,68,PROD1198,Canada,2/5/2023,5/2/2023,1,active,5/16/2023,11.28,2,32,Sports,"Cycling Helmet",Sports,Female,497,22.56,Churned
ORD5999,CUST1999,63,PROD1199,Germany,11/3/2022,1/11/2023,4,cancelled,3/8/2025,62.25,3,40,Sports,"Cricket Bat",Sports,Male,608,186.75,Churned
ORD6000,CUST2000,40,PROD1200,USA,3/30/2023,1/11/2025,2,paused,10/19/2023,317.92,4,48,Beauty,Foundation,Beauty,Male,-123,1271.68,Active
ORD6001,CUST2001,50,PROD1201,Canada,6/1/2023,10/5/2023,5,active,8/9/2023,273.87,6,22,Clothing,"Face Wash",Beauty,Male,341,1643.22,Churned
ORD6002,CUST2002,55,PROD1202,Germany,9/1/2021,1/14/2024,5,cancelled,4/5/2024,408.29,2,37,Clothing,Laptop,Electronics,Male,240,816.58,Churned
ORD6003,CUST2003,66,PROD1203,UK,4/19/2021,1/5/2024,0,active,5/10/2025,168.28,7,48,Sports,Sofa,Home,Female,249,1177.96,Churned
ORD6004,CUST2004,55,PROD1204,UK,7/20/2021,8/2/2025,0,active,2/18/2023,365.91,3,34,Clothing,"Yoga Mat",Sports,Male,-326,1097.73,Active
ORD6005,CUST2005,26,PROD1205,India,5/17/2022,2/7/2024,2,paused,1/5/2024,54.74,9,20,Electronics,Shirt,Clothing,Female,216,492.66,Churned
ORD6006,CUST2006,36,PROD1206,India,7/28/2021,9/5/2023,5,active,2/17/2022,343.61,5,5,Sports,Perfume,Beauty,Male,371,1718.0500000000002,Churned
ORD6007,CUST2007,36,PROD1207,Germany,5/29/2021,7/12/2023,3,paused,1/10/2022,144.61,8,16,Electronics,Perfume,Beauty,Male,426,1156.88,Churned
ORD6008,CUST2008,46,PROD1208,Pakistan,10/18/2021,12/19/2023,5,cancelled,3/27/2024,232.44,5,38,Sports,"Cricket Bat",Sports,Male,266,1162.2,Churned
ORD6009,CUST2009,68,PROD1209,Germany,2/8/2021,11/29/2021,2,active,7/16/2021,379.58,3,20,Clothing,"Bluetooth Speaker",Electronics,Female,1016,1138.74,Churned
ORD6010,CUST2010,40,PROD1210,UK,2/1/2021,8/17/2023,1,active,2/25/2021,95.69,9,2,Sports,Refrigerator,Home,Other,390,861.21,Churned
ORD6011,CUST2011,57,PROD1211,UK,10/10/2021,11/30/2023,4,active,2/14/2025,349.76,5,21,Electronics,"Running Shoes",Sports,Male,285,1748.8,Churned
ORD6012,CUST2012,60,PROD1212,Germany,3/17/2022,2/10/2025,2,active,3/30/2022,9.35,5,21,Electronics,Hoodie,Clothing,Female,-153,46.75,Active
ORD6013,CUST2013,55,PROD1213,India,4/3/2021,8/17/2022,2,paused,7/18/2021,869.42,1,7,Beauty,Skirt,Clothing,Male,755,869.42,Churned
ORD6014,CUST2014,50,PROD1214,Canada,7/14/2023,4/10/2024,0,active,3/20/2025,328.95,2,48,Sports,Smartwatch,Electronics,Male,153,657.9,Churned
ORD6015,CUST2015,40,PROD1215,Canada,11/14/2021,3/17/2024,3,cancelled,8/21/2022,204.01,4,12,Beauty,"Yoga Mat",Sports,Female,177,816.04,Churned
ORD6016,CUST2016,27,PROD1216,Pakistan,11/4/2020,9/19/2023,1,paused,3/19/2021,246.98,3,16,Beauty,Lipstick,Beauty,Female,357,740.9399999999999,Churned
ORD6017,CUST2017,48,PROD1217,India,10/22/2022,10/30/2022,4,paused,12/9/2023,324.78,4,39,Home,T-Shirt,Clothing,Female,681,1299.12,Churned
ORD6018,CUST2018,39,PROD1218,UK,10/20/2022,2/9/2023,2,paused,10/1/2023,288.74,4,20,Sports,Lipstick,Beauty,Female,579,1154.96,Churned
ORD6019,CUST2019,67,PROD1219,UK,10/21/2021,11/8/2021,4,cancelled,4/27/2025,259.66,6,42,Electronics,Jacket,Clothing,Female,1037,1557.96,Churned
ORD6020,CUST2020,36,PROD1220,USA,3/20/2022,3/25/2025,5,active,4/24/2024,93.98,8,49,Sports,Microwave,Home,Male,-196,751.84,Active
ORD6021,CUST2021,32,PROD1221,UK,1/3/2023,3/4/2025,2,active,8/2/2025,617.67,2,46,Beauty,"Yoga Mat",Sports,Male,-175,1235.34,Active
ORD6022,CUST2022,32,PROD1222,Germany,7/31/2021,9/7/2023,4,active,5/15/2024,208.08,7,39,Clothing,Football,Sports,Male,369,1456.5600000000002,Churned
ORD6023,CUST2023,27,PROD1223,USA,8/28/2020,12/25/2021,2,cancelled,3/21/2024,352.3,4,18,Electronics,Refrigerator,Home,Female,990,1409.2,Churned
ORD6024,CUST2024,57,PROD1224,USA,6/21/2022,9/13/2022,1,active,2/1/2023,1129.55,1,4,Clothing,"Yoga Mat",Sports,Female,728,1129.55,Churned
ORD6025,CUST2025,42,PROD1225,Canada,8/16/2021,3/18/2024,3,active,6/9/2024,578.42,1,41,Home,"Running Shoes",Sports,Male,176,578.42,Churned
ORD6026,CUST2026,27,PROD1226,Canada,8/17/2022,3/15/2025,1,active,9/5/2023,179.48,4,37,Beauty,Smartphone,Electronics,Male,-186,717.92,Active
ORD6027,CUST2027,19,PROD1227,India,5/17/2023,4/5/2025,4,active,11/13/2024,157.13,7,5,Sports,Sofa,Home,Female,-207,1099.9099999999999,Active
ORD6028,CUST2028,24,PROD1228,USA,11/21/2022,7/24/2024,0,active,3/23/2023,21.02,6,2,Clothing,Dumbbells,Sports,Female,48,126.12,Active
ORD6029,CUST2029,53,PROD1229,Canada,7/10/2023,3/27/2025,1,cancelled,12/23/2024,251.82,2,25,Beauty,Shampoo,Beauty,Female,-198,503.64,Active
ORD6030,CUST2030,54,PROD1230,India,10/21/2022,8/7/2024,4,paused,9/26/2023,158.76,6,25,Electronics,Hoodie,Clothing,Male,34,952.56,Active
ORD6031,CUST2031,37,PROD1231,Germany,12/16/2020,2/2/2021,1,cancelled,5/5/2021,384.21,4,14,Sports,"Gaming Console",Electronics,Female,1316,1536.84,Churned
ORD6032,CUST2032,49,PROD1232,Germany,11/30/2020,7/16/2021,3,active,1/26/2023,456.94,1,20,Home,Sofa,Home,Female,1152,456.94,Churned
ORD6033,CUST2033,68,PROD1233,Canada,2/22/2021,3/13/2024,2,cancelled,6/25/2022,60.37,8,7,Electronics,Blender,Home,Female,181,482.96,Churned
ORD6034,CUST2034,56,PROD1234,India,5/16/2022,9/25/2023,3,cancelled,11/20/2023,88.97,8,22,Clothing,Headphones,Electronics,Female,351,711.76,Churned
ORD6035,CUST2035,26,PROD1235,Pakistan,11/26/2022,1/19/2023,1,active,1/7/2025,110.67,7,36,Home,"Tennis Racket",Sports,Female,600,774.69,Churned
ORD6036,CUST2036,32,PROD1236,UK,7/3/2021,2/3/2022,2,cancelled,2/18/2024,791.7,2,23,Beauty,Shampoo,Beauty,Male,950,1583.4,Churned
ORD6037,CUST2037,54,PROD1237,USA,1/5/2022,2/24/2025,2,paused,2/22/2025,811.8,2,29,Sports,"Cycling Helmet",Sports,Female,-167,1623.6,Active
ORD6038,CUST2038,63,PROD1238,Canada,6/1/2022,4/3/2025,0,cancelled,1/14/2025,71.4,9,27,Electronics,Sneakers,Clothing,Female,-205,642.6,Active
ORD6039,CUST2039,19,PROD1239,Pakistan,5/12/2022,11/2/2023,0,paused,10/2/2022,164.17,6,41,Beauty,Smartwatch,Electronics,Male,313,985.02,Churned
ORD6040,CUST2040,61,PROD1240,India,3/19/2021,12/31/2023,2,active,4/19/2023,439.94,4,46,Clothing,Skirt,Clothing,Female,254,1759.76,Churned
ORD6041,CUST2041,22,PROD1241,USA,7/23/2021,10/16/2021,1,cancelled,3/21/2023,156.82,2,47,Home,Shirt,Clothing,Male,1060,313.64,Churned
ORD6042,CUST2042,51,PROD1242,Pakistan,5/7/2021,7/16/2024,2,cancelled,1/25/2024,62.14,5,33,Home,"Running Shoes",Sports,Male,56,310.7,Active
ORD6043,CUST2043,53,PROD1243,UK,4/21/2022,2/27/2024,1,cancelled,11/3/2023,34.67,7,37,Sports,Jacket,Clothing,Male,196,242.69,Churned
ORD6044,CUST2044,52,PROD1244,USA,3/14/2023,8/3/2024,2,active,5/13/2024,1707.78,1,1,Electronics,Skirt,Clothing,Female,38,1707.78,Active
ORD6045,CUST2045,39,PROD1245,India,9/25/2022,11/20/2023,2,active,4/24/2025,264.01,6,27,Sports,Moisturizer,Beauty,Male,295,1584.06,Churned
ORD6046,CUST2046,31,PROD1246,India,11/12/2021,3/16/2024,2,active,1/20/2024,87.51,5,13,Clothing,T-Shirt,Clothing,Female,178,437.55,Churned
ORD6047,CUST2047,22,PROD1247,USA,9/22/2021,7/25/2024,0,active,1/24/2024,243.13,5,35,Home,Conditioner,Beauty,Male,47,1215.65,Active
ORD6048,CUST2048,61,PROD1248,Germany,1/17/2022,7/15/2024,1,cancelled,2/2/2022,880.36,2,27,Clothing,"Bluetooth Speaker",Electronics,Female,57,1760.72,Active
ORD6049,CUST2049,47,PROD1249,Canada,7/2/2021,12/23/2022,4,cancelled,1/2/2024,793.56,1,31,Sports,Lamp,Home,Female,627,793.56,Churned
ORD6050,CUST2050,29,PROD1250,Canada,7/26/2023,11/6/2024,1,paused,12/28/2023,100.04,9,11,Beauty,Lipstick,Beauty,Female,-57,900.36,Active
ORD6051,CUST2051,38,PROD1251,USA,12/8/2022,2/7/2025,0,active,1/16/2025,207.64,7,14,Beauty,Moisturizer,Beauty,Female,-150,1453.48,Active
ORD6052,CUST2052,56,PROD1252,Canada,10/3/2022,5/16/2025,3,cancelled,6/28/2024,96.98,8,38,Clothing,Laptop,Electronics,Female,-248,775.84,Active
ORD6053,CUST2053,23,PROD1253,Pakistan,2/24/2022,12/18/2024,3,paused,12/16/2022,149,4,1,Electronics,Conditioner,Beauty,Female,-99,596,Active
ORD6054,CUST2054,50,PROD1254,India,4/24/2023,4/22/2024,1,active,5/1/2025,451.57,2,21,Clothing,Laptop,Electronics,Female,141,903.14,Churned
ORD6055,CUST2055,38,PROD1255,Pakistan,7/20/2023,10/8/2023,0,paused,2/4/2025,292.96,4,36,Electronics,Smartphone,Electronics,Male,338,1171.84,Churned
ORD6056,CUST2056,40,PROD1256,India,7/25/2023,8/20/2024,2,active,6/16/2024,1825.62,1,9,Sports,Jeans,Clothing,Male,21,1825.62,Active
ORD6057,CUST2057,50,PROD1257,UK,2/16/2021,1/7/2025,3,active,8/15/2024,152.66,6,28,Home,Skirt,Clothing,Male,-119,915.96,Active
ORD6058,CUST2058,61,PROD1258,UK,12/21/2021,2/24/2023,0,cancelled,2/12/2023,190.72,2,14,Clothing,Football,Sports,Male,564,381.44,Churned
ORD6059,CUST2059,22,PROD1259,UK,2/15/2022,11/5/2024,5,cancelled,12/1/2023,632.95,2,21,Sports,"Cycling Helmet",Sports,Female,-56,1265.9,Active
ORD6060,CUST2060,49,PROD1260,Canada,3/16/2021,3/19/2025,3,active,11/26/2024,181.65,5,38,Home,Dumbbells,Sports,Male,-190,908.25,Active
ORD6061,CUST2061,47,PROD1261,Germany,11/8/2022,1/11/2023,3,active,12/9/2024,109.38,9,34,Clothing,"Vacuum Cleaner",Home,Female,608,984.42,Churned
ORD6062,CUST2062,67,PROD1262,Germany,7/31/2021,1/12/2024,4,paused,9/8/2024,159.55,6,31,Home,Chair,Home,Male,242,957.3000000000001,Churned
ORD6063,CUST2063,20,PROD1263,Canada,1/24/2023,10/15/2024,5,cancelled,5/10/2024,688.6,1,21,Electronics,"Face Wash",Beauty,Female,-35,688.6,Active
ORD6064,CUST2064,62,PROD1264,UK,11/26/2022,12/28/2023,3,cancelled,3/6/2025,232.71,7,37,Sports,Refrigerator,Home,Female,257,1628.97,Churned
ORD6065,CUST2065,26,PROD1265,UK,12/1/2020,3/20/2024,5,active,9/25/2022,266.97,3,31,Electronics,Smartphone,Electronics,Male,174,800.9100000000001,Churned
ORD6066,CUST2066,40,PROD1266,UK,6/1/2022,10/1/2022,0,active,4/7/2025,21.76,9,20,Home,T-Shirt,Clothing,Male,710,195.84,Churned
ORD6067,CUST2067,63,PROD1267,Pakistan,3/25/2022,7/7/2025,5,cancelled,10/12/2022,845.1,2,3,Home,Hoodie,Clothing,Female,-300,1690.2,Active
ORD6068,CUST2068,30,PROD1268,UK,9/3/2021,4/13/2025,2,active,4/18/2023,162.4,7,33,Clothing,Shampoo,Beauty,Female,-215,1136.8,Active
ORD6069,CUST2069,68,PROD1269,UK,2/23/2022,8/15/2024,3,cancelled,7/14/2025,168.82,9,45,Home,"Bluetooth Speaker",Electronics,Male,26,1519.3799999999999,Active
ORD6070,CUST2070,63,PROD1270,Pakistan,2/1/2021,11/24/2021,3,cancelled,2/14/2023,51.61,7,24,Sports,Foundation,Beauty,Male,1021,361.27,Churned
ORD6071,CUST2071,36,PROD1271,Germany,9/10/2021,7/9/2024,4,active,10/29/2021,257.69,6,5,Clothing,Jacket,Clothing,Male,63,1546.1399999999999,"At Risk"
ORD6072,CUST2072,53,PROD1272,UK,10/8/2020,5/6/2021,1,cancelled,9/6/2022,90.01,3,37,Home,Skirt,Clothing,Female,1223,270.03000000000003,Churned
ORD6073,CUST2073,51,PROD1273,USA,4/7/2021,6/26/2023,4,paused,10/1/2021,8.45,8,42,Beauty,Lamp,Home,Male,442,67.6,Churned
ORD6074,CUST2074,59,PROD1274,USA,12/2/2021,3/19/2024,2,active,5/3/2022,135.26,8,36,Clothing,Skirt,Clothing,Female,175,1082.08,Churned
ORD6075,CUST2075,45,PROD1275,India,6/9/2023,8/12/2023,4,active,10/15/2024,435.92,3,38,Clothing,Dumbbells,Sports,Male,395,1307.76,Churned
ORD6076,CUST2076,64,PROD1276,India,12/18/2022,4/20/2025,3,active,1/11/2024,186.66,7,14,Beauty,Dumbbells,Sports,Male,-222,1306.62,Active
ORD6077,CUST2077,22,PROD1277,Germany,8/13/2022,4/21/2024,5,cancelled,10/30/2023,60.8,8,19,Home,"Cycling Helmet",Sports,Male,142,486.4,Churned
ORD6078,CUST2078,41,PROD1278,Pakistan,5/17/2022,11/30/2022,1,active,10/19/2024,52.29,9,37,Clothing,Skirt,Clothing,Female,650,470.61,Churned
ORD6079,CUST2079,19,PROD1279,Pakistan,11/24/2020,2/12/2024,1,active,6/12/2023,325.42,5,17,Beauty,Football,Sports,Male,211,1627.1000000000001,Churned
ORD6080,CUST2080,50,PROD1280,Canada,5/27/2021,2/5/2022,2,cancelled,12/30/2024,204.08,9,20,Beauty,"Nail Polish",Beauty,Female,948,1836.72,Churned
ORD6081,CUST2081,55,PROD1281,Canada,7/29/2021,8/18/2024,4,active,5/18/2023,236.78,6,5,Beauty,"Vacuum Cleaner",Home,Male,23,1420.68,Active
ORD6082,CUST2082,42,PROD1282,Canada,6/2/2022,8/16/2022,5,paused,11/5/2022,920.25,1,6,Electronics,Chair,Home,Female,756,920.25,Churned
ORD6083,CUST2083,54,PROD1283,India,2/21/2023,5/13/2025,1,paused,5/23/2023,248.76,5,9,Electronics,Lamp,Home,Male,-245,1243.8,Active
ORD6084,CUST2084,28,PROD1284,USA,2/22/2023,4/15/2023,0,active,5/2/2023,44.12,6,11,Clothing,"Cricket Bat",Sports,Male,514,264.71999999999997,Churned
ORD6085,CUST2085,19,PROD1285,USA,7/21/2023,2/26/2025,1,paused,7/26/2024,1330.98,1,24,Electronics,Jacket,Clothing,Female,-169,1330.98,Active
ORD6086,CUST2086,49,PROD1286,USA,11/4/2021,3/16/2022,0,active,6/6/2024,65.75,7,25,Electronics,Sneakers,Clothing,Female,909,460.25,Churned
ORD6087,CUST2087,45,PROD1287,Germany,9/6/2021,8/13/2023,0,active,9/27/2023,573.06,3,31,Clothing,Tablet,Electronics,Female,394,1719.1799999999998,Churned
ORD6088,CUST2088,23,PROD1288,Pakistan,10/5/2022,11/7/2024,4,active,10/17/2024,384.45,5,23,Electronics,Lamp,Home,Male,-58,1922.25,Active
ORD6089,CUST2089,29,PROD1289,Canada,10/1/2020,9/6/2021,0,active,9/4/2021,61.45,9,42,Beauty,"Face Wash",Beauty,Female,1100,553.0500000000001,Churned
ORD6090,CUST2090,53,PROD1290,USA,11/26/2021,2/22/2023,2,active,5/2/2025,476.48,4,15,Sports,"Gaming Console",Electronics,Male,566,1905.92,Churned
ORD6091,CUST2091,22,PROD1291,Germany,8/22/2022,2/18/2025,0,paused,8/11/2024,542.87,2,32,Beauty,Football,Sports,Female,-161,1085.74,Active
ORD6092,CUST2092,26,PROD1292,Pakistan,9/26/2021,11/26/2023,3,active,5/14/2022,491.48,4,26,Electronics,Foundation,Beauty,Female,289,1965.92,Churned
ORD6093,CUST2093,43,PROD1293,Germany,7/6/2023,4/2/2024,0,active,5/16/2024,309.37,3,31,Sports,Sneakers,Clothing,Female,161,928.11,Churned
ORD6094,CUST2094,51,PROD1294,Germany,11/22/2020,11/26/2022,3,active,12/15/2021,4.8,7,27,Clothing,Skirt,Clothing,Female,654,33.6,Churned
ORD6095,CUST2095,63,PROD1295,India,10/8/2022,7/18/2023,5,active,4/10/2023,247.22,4,31,Clothing,Lipstick,Beauty,Female,420,988.88,Churned
ORD6096,CUST2096,64,PROD1296,Germany,1/18/2022,10/2/2024,2,active,11/7/2023,121.04,7,33,Clothing,Shampoo,Beauty,Male,-22,847.2800000000001,Active
ORD6097,CUST2097,54,PROD1297,Pakistan,3/1/2022,11/21/2023,3,active,6/24/2022,146.91,7,24,Clothing,Perfume,Beauty,Female,294,1028.37,Churned
ORD6098,CUST2098,50,PROD1298,Canada,4/2/2022,8/9/2023,3,paused,8/7/2023,1319.96,1,39,Beauty,"Cycling Helmet",Sports,Female,398,1319.96,Churned
ORD6099,CUST2099,63,PROD1299,Germany,7/5/2022,4/10/2025,1,paused,6/30/2024,84.26,4,15,Sports,"Running Shoes",Sports,Female,-212,337.04,Active
ORD6100,CUST2100,33,PROD1300,USA,7/5/2022,9/30/2022,5,active,2/5/2025,313.24,4,45,Clothing,"Gaming Console",Electronics,Male,711,1252.96,Churned
ORD6101,CUST2101,18,PROD1301,India,4/27/2022,2/20/2024,5,cancelled,6/8/2024,261.8,4,49,Sports,Laptop,Electronics,Female,203,1047.2,Churned
ORD6102,CUST2102,69,PROD1302,Canada,7/28/2023,12/12/2023,2,active,1/22/2024,366.08,4,29,Electronics,"Tennis Racket",Sports,Female,273,1464.32,Churned
ORD6103,CUST2103,67,PROD1303,Canada,3/31/2023,6/13/2025,4,active,2/14/2025,302.55,5,30,Sports,Refrigerator,Home,Male,-276,1512.75,Active
ORD6104,CUST2104,38,PROD1304,Pakistan,1/28/2021,10/10/2024,5,active,12/25/2024,72.5,2,27,Beauty,Lipstick,Beauty,Other,-30,145,Active
ORD6105,CUST2105,44,PROD1305,India,6/14/2021,6/21/2024,3,active,12/27/2021,1194.42,1,29,Home,"Running Shoes",Sports,Male,81,1194.42,"At Risk"
ORD6106,CUST2106,22,PROD1306,USA,9/13/2020,7/30/2023,2,active,10/15/2021,136.82,8,39,Sports,Moisturizer,Beauty,Female,408,1094.56,Churned
ORD6107,CUST2107,53,PROD1307,Pakistan,8/31/2022,12/28/2022,5,active,11/8/2024,1491.08,1,41,Electronics,Headphones,Electronics,Male,622,1491.08,Churned
ORD6108,CUST2108,69,PROD1308,USA,10/16/2022,3/28/2023,0,cancelled,11/18/2024,175.08,9,35,Electronics,"Tennis Racket",Sports,Other,532,1575.72,Churned
ORD6109,CUST2109,22,PROD1309,UK,11/30/2020,1/12/2024,3,active,3/10/2021,446.47,4,14,Clothing,Skirt,Clothing,Male,242,1785.88,Churned
ORD6110,CUST2110,54,PROD1310,UK,12/23/2021,12/25/2022,5,active,3/14/2025,204.18,4,43,Beauty,Headphones,Electronics,Female,625,816.72,Churned
ORD6111,CUST2111,36,PROD1311,USA,8/16/2022,3/9/2023,5,active,6/4/2023,964.5,2,9,Home,Chair,Home,Male,551,1929,Churned
ORD6112,CUST2112,24,PROD1312,UK,1/26/2021,3/4/2024,0,active,6/6/2022,134.3,8,44,Sports,Shirt,Clothing,Female,190,1074.4,Churned
ORD6113,CUST2113,64,PROD1313,UK,5/12/2021,7/30/2021,0,active,8/13/2021,228.67,5,19,Beauty,Smartwatch,Electronics,Female,1138,1143.35,Churned
ORD6114,CUST2114,19,PROD1314,USA,11/7/2022,4/16/2023,2,paused,5/18/2024,360.22,5,33,Sports,Smartphone,Electronics,Male,513,1801.1000000000001,Churned
ORD6115,CUST2115,29,PROD1315,Pakistan,12/27/2020,8/28/2023,3,active,4/8/2023,99.05,3,28,Clothing,"Vacuum Cleaner",Home,Female,379,297.15,Churned
ORD6116,CUST2116,61,PROD1316,Germany,5/24/2021,9/4/2023,4,paused,11/28/2022,212.47,7,15,Beauty,Smartphone,Electronics,Female,372,1487.29,Churned
ORD6117,CUST2117,59,PROD1317,USA,4/10/2022,5/24/2022,1,active,8/30/2023,14.12,8,19,Sports,"Vacuum Cleaner",Home,Male,840,112.96,Churned
ORD6118,CUST2118,66,PROD1318,India,9/15/2020,9/20/2020,3,cancelled,8/4/2023,258.37,4,44,Sports,"Running Shoes",Sports,Male,1451,1033.48,Churned
ORD6119,CUST2119,23,PROD1319,USA,6/8/2022,5/4/2024,1,active,4/14/2024,141.45,9,37,Sports,"Tennis Racket",Sports,Female,129,1273.05,Churned
ORD6120,CUST2120,41,PROD1320,Pakistan,5/27/2023,11/23/2023,5,cancelled,12/13/2023,52.81,9,43,Clothing,Moisturizer,Beauty,Male,292,475.29,Churned
ORD6121,CUST2121,58,PROD1321,USA,2/28/2023,7/7/2024,0,cancelled,7/25/2023,169.81,5,38,Sports,Chair,Home,Female,65,849.05,"At Risk"
ORD6122,CUST2122,37,PROD1322,UK,9/25/2022,11/27/2023,1,active,1/24/2023,111.99,6,8,Beauty,Laptop,Electronics,Male,288,671.9399999999999,Churned
ORD6123,CUST2123,40,PROD1323,UK,12/19/2020,3/31/2022,0,paused,8/8/2024,564.3,3,7,Home,Lipstick,Beauty,Other,894,1692.8999999999999,Churned
ORD6124,CUST2124,68,PROD1324,USA,12/28/2020,3/8/2024,0,active,11/14/2022,244.71,4,23,Sports,"Face Wash",Beauty,Male,186,978.84,Churned
ORD6125,CUST2125,23,PROD1325,Canada,10/21/2020,11/10/2020,1,active,1/25/2023,603.87,1,11,Sports,Dumbbells,Sports,Female,1400,603.87,Churned
ORD6126,CUST2126,25,PROD1326,Germany,10/12/2020,9/14/2022,1,active,6/30/2021,232.11,2,25,Sports,Foundation,Beauty,Male,727,464.22,Churned
ORD6127,CUST2127,60,PROD1327,Germany,3/2/2023,8/3/2025,1,paused,3/27/2024,50.52,5,7,Clothing,Microwave,Home,Female,-327,252.60000000000002,Active
ORD6128,CUST2128,24,PROD1328,UK,5/17/2023,9/25/2024,5,active,7/15/2025,407.04,2,33,Home,"Cycling Helmet",Sports,Male,-15,814.08,Active
ORD6129,CUST2129,66,PROD1329,USA,5/28/2021,3/14/2022,3,active,8/4/2024,212.92,9,30,Sports,Moisturizer,Beauty,Male,911,1916.28,Churned
ORD6130,CUST2130,40,PROD1330,Pakistan,10/3/2020,1/25/2024,5,cancelled,12/11/2021,119.35,9,9,Sports,Conditioner,Beauty,Male,229,1074.1499999999999,Churned
ORD6131,CUST2131,62,PROD1331,Canada,9/3/2021,5/14/2025,4,active,7/22/2025,36.75,5,46,Sports,Smartphone,Electronics,Male,-246,183.75,Active
ORD6132,CUST2132,61,PROD1332,India,8/21/2022,5/1/2023,3,cancelled,10/6/2022,113.88,6,45,Sports,Basketball,Sports,Male,498,683.28,Churned
ORD6133,CUST2133,64,PROD1333,USA,12/9/2022,5/24/2024,4,active,4/5/2024,168.95,9,5,Electronics,Dumbbells,Sports,Male,109,1520.55,Churned
ORD6134,CUST2134,40,PROD1334,UK,9/13/2021,11/17/2023,4,paused,1/22/2024,9.9,6,36,Clothing,Hoodie,Clothing,Female,298,59.400000000000006,Churned
ORD6135,CUST2135,40,PROD1335,India,8/15/2023,8/12/2024,0,active,4/20/2025,200.24,9,29,Electronics,"Dining Table",Home,Female,29,1802.16,Active
ORD6136,CUST2136,21,PROD1336,Germany,10/11/2022,6/18/2024,3,active,5/28/2024,45.59,8,45,Beauty,Lipstick,Beauty,Female,84,364.72,"At Risk"
ORD6137,CUST2137,19,PROD1337,USA,9/1/2022,3/5/2023,3,active,5/23/2025,42.19,4,46,Beauty,Sneakers,Clothing,Female,555,168.76,Churned
ORD6138,CUST2138,52,PROD1338,Pakistan,6/14/2021,1/10/2023,2,paused,8/30/2023,198.73,6,24,Clothing,Foundation,Beauty,Male,609,1192.3799999999999,Churned
ORD6139,CUST2139,53,PROD1339,Germany,3/6/2023,4/6/2025,4,active,2/23/2025,339.6,1,42,Home,T-Shirt,Clothing,Male,-208,339.6,Active
ORD6140,CUST2140,61,PROD1340,Pakistan,9/9/2022,11/16/2022,1,active,11/4/2024,72.73,8,39,Clothing,Sneakers,Clothing,Female,664,581.84,Churned
ORD6141,CUST2141,32,PROD1341,UK,2/4/2021,9/9/2022,5,cancelled,8/12/2021,215.41,4,45,Sports,Microwave,Home,Female,732,861.64,Churned
ORD6142,CUST2142,53,PROD1342,India,8/3/2022,12/22/2022,5,cancelled,7/25/2023,91.74,8,47,Sports,Smartwatch,Electronics,Female,628,733.92,Churned
ORD6143,CUST2143,24,PROD1343,Canada,8/5/2023,12/11/2023,1,active,1/6/2025,57.28,9,49,Electronics,"Bluetooth Speaker",Electronics,Other,274,515.52,Churned
ORD6144,CUST2144,47,PROD1344,USA,7/3/2023,5/24/2025,4,active,1/30/2024,155.31,5,29,Beauty,Tablet,Electronics,Female,-256,776.55,Active
ORD6145,CUST2145,62,PROD1345,UK,10/18/2020,4/29/2021,3,active,9/27/2021,776.04,1,18,Electronics,Dress,Clothing,Female,1230,776.04,Churned
ORD6146,CUST2146,49,PROD1346,India,3/12/2021,10/11/2024,0,cancelled,6/10/2022,269.9,3,37,Sports,Blender,Home,Female,-31,809.6999999999999,Active
ORD6147,CUST2147,60,PROD1347,Germany,6/19/2022,7/15/2025,5,cancelled,5/18/2023,224.54,2,14,Sports,Moisturizer,Beauty,Female,-308,449.08,Active
ORD6148,CUST2148,48,PROD1348,Pakistan,4/11/2021,2/7/2022,4,cancelled,1/6/2025,211.38,5,16,Clothing,"Tennis Racket",Sports,Female,946,1056.9,Churned
ORD6149,CUST2149,36,PROD1349,UK,10/10/2022,4/22/2025,3,active,1/15/2025,64.8,9,16,Beauty,Lamp,Home,Female,-224,583.1999999999999,Active
ORD6150,CUST2150,30,PROD1350,UK,3/3/2023,3/21/2024,5,active,4/4/2024,189.04,7,46,Sports,Hoodie,Clothing,Female,173,1323.28,Churned
ORD6151,CUST2151,57,PROD1351,Germany,12/24/2021,12/16/2024,4,active,4/1/2022,309.54,5,17,Clothing,Smartwatch,Electronics,Male,-97,1547.7,Active
ORD6152,CUST2152,21,PROD1352,Pakistan,12/20/2020,7/24/2025,3,active,2/23/2022,221.26,9,2,Electronics,"Running Shoes",Sports,Male,-317,1991.34,Active
ORD6153,CUST2153,20,PROD1353,USA,1/31/2023,2/8/2025,0,paused,1/19/2025,235.28,8,27,Sports,Conditioner,Beauty,Male,-151,1882.24,Active
ORD6154,CUST2154,48,PROD1354,Pakistan,5/31/2023,3/12/2025,4,active,8/21/2023,1010.74,1,39,Beauty,Sneakers,Clothing,Female,-183,1010.74,Active
ORD6155,CUST2155,61,PROD1355,Germany,5/18/2023,6/23/2023,2,active,10/22/2024,38.46,1,32,Sports,"Yoga Mat",Sports,Other,445,38.46,Churned
ORD6156,CUST2156,53,PROD1356,UK,11/14/2022,10/26/2024,5,paused,8/22/2024,38.54,6,6,Sports,Dress,Clothing,Male,-46,231.24,Active
ORD6157,CUST2157,49,PROD1357,USA,1/24/2021,10/25/2023,0,paused,12/25/2021,373.1,4,45,Beauty,Laptop,Electronics,Female,321,1492.4,Churned
ORD6158,CUST2158,39,PROD1358,USA,8/12/2023,6/29/2025,3,active,7/27/2024,150.26,7,18,Sports,Tablet,Electronics,Male,-292,1051.82,Active
ORD6159,CUST2159,37,PROD1359,Pakistan,8/8/2023,7/26/2025,3,active,3/9/2025,183.51,8,25,Electronics,"Nail Polish",Beauty,Male,-319,1468.08,Active
ORD6160,CUST2160,42,PROD1360,UK,3/17/2021,11/24/2023,3,active,11/4/2024,348.89,3,49,Electronics,Jeans,Clothing,Female,291,1046.67,Churned
ORD6161,CUST2161,27,PROD1361,UK,2/27/2022,6/3/2022,4,paused,4/10/2024,113.81,9,5,Clothing,Football,Sports,Female,830,1024.29,Churned
ORD6162,CUST2162,25,PROD1362,Germany,2/19/2021,4/15/2021,1,active,7/23/2021,25.64,6,32,Electronics,Sneakers,Clothing,Male,1244,153.84,Churned
ORD6163,CUST2163,20,PROD1363,USA,5/9/2021,8/14/2024,3,active,11/26/2023,66.08,4,29,Beauty,Perfume,Beauty,Male,27,264.32,Active
ORD6164,CUST2164,20,PROD1364,Germany,5/10/2021,10/26/2023,2,paused,3/30/2025,177.6,6,7,Electronics,Blender,Home,Male,320,1065.6,Churned
ORD6165,CUST2165,55,PROD1365,UK,9/2/2020,4/21/2022,5,active,11/28/2024,408.87,4,31,Home,Moisturizer,Beauty,Male,873,1635.48,Churned
ORD6166,CUST2166,20,PROD1366,Canada,2/6/2021,3/25/2023,4,paused,6/29/2022,86.47,8,13,Clothing,"Cricket Bat",Sports,Male,535,691.76,Churned
ORD6167,CUST2167,60,PROD1367,UK,12/9/2022,8/18/2025,0,active,4/2/2024,615.92,2,27,Home,"Yoga Mat",Sports,Female,-342,1231.84,Active
ORD6168,CUST2168,46,PROD1368,UK,9/2/2020,1/12/2022,3,active,10/24/2022,662.46,2,8,Electronics,Conditioner,Beauty,Female,972,1324.92,Churned
ORD6169,CUST2169,63,PROD1369,Canada,11/19/2020,5/12/2023,3,active,12/15/2023,490.33,3,15,Beauty,Blender,Home,Female,487,1470.99,Churned
ORD6170,CUST2170,67,PROD1370,UK,12/26/2022,5/8/2024,3,paused,2/3/2025,379.99,5,4,Electronics,Blender,Home,Female,125,1899.95,Churned
ORD6171,CUST2171,60,PROD1371,USA,1/23/2023,2/11/2025,3,cancelled,3/26/2023,260.34,6,45,Home,Football,Sports,Male,-154,1562.04,Active
ORD6172,CUST2172,64,PROD1372,UK,10/3/2020,9/18/2022,2,active,7/24/2024,223.82,5,35,Clothing,Sofa,Home,Male,723,1119.1,Churned
ORD6173,CUST2173,69,PROD1373,Pakistan,9/1/2020,2/25/2021,5,active,12/29/2020,268.72,7,21,Clothing,Chair,Home,Female,1293,1881.0400000000002,Churned
ORD6174,CUST2174,26,PROD1374,Pakistan,10/20/2022,11/28/2023,5,active,1/8/2023,142.76,8,31,Clothing,"Running Shoes",Sports,Male,287,1142.08,Churned
ORD6175,CUST2175,19,PROD1375,USA,9/14/2021,8/1/2022,0,active,3/5/2025,118.26,9,35,Home,Shampoo,Beauty,Male,771,1064.3400000000001,Churned
ORD6176,CUST2176,54,PROD1376,India,9/11/2022,1/2/2023,1,cancelled,8/17/2024,166.92,8,40,Sports,Jeans,Clothing,Male,617,1335.36,Churned
ORD6177,CUST2177,61,PROD1377,USA,10/28/2022,3/12/2025,5,active,4/26/2024,1356.12,1,49,Clothing,Jacket,Clothing,Male,-183,1356.12,Active
ORD6178,CUST2178,67,PROD1378,India,5/18/2022,8/19/2025,1,cancelled,11/11/2023,328.73,6,46,Clothing,Skirt,Clothing,Male,-343,1972.38,Active
ORD6179,CUST2179,46,PROD1379,Canada,9/19/2022,7/21/2023,1,active,9/20/2024,38.73,9,16,Beauty,Foundation,Beauty,Male,417,348.57,Churned
ORD6180,CUST2180,68,PROD1380,Germany,11/15/2020,8/17/2021,3,paused,10/23/2024,201.67,8,17,Electronics,T-Shirt,Clothing,Male,1120,1613.36,Churned
ORD6181,CUST2181,30,PROD1381,Pakistan,9/29/2021,11/27/2023,3,cancelled,1/5/2023,8.3,4,6,Sports,Football,Sports,Male,288,33.2,Churned
ORD6182,CUST2182,28,PROD1382,Germany,2/23/2022,3/17/2024,3,active,12/25/2022,130.65,9,33,Electronics,Football,Sports,Female,177,1175.8500000000001,Churned
ORD6183,CUST2183,59,PROD1383,UK,7/14/2022,10/22/2023,2,active,10/3/2022,299.8,3,18,Clothing,"Tennis Racket",Sports,Male,324,899.4000000000001,Churned
ORD6184,CUST2184,45,PROD1384,Pakistan,5/30/2022,11/4/2022,0,cancelled,4/1/2024,321.99,2,26,Home,Smartwatch,Electronics,Male,676,643.98,Churned
ORD6185,CUST2185,60,PROD1385,Canada,8/29/2022,2/1/2023,3,paused,6/29/2024,409.8,2,4,Clothing,Dumbbells,Sports,Female,587,819.6,Churned
ORD6186,CUST2186,67,PROD1386,Pakistan,10/4/2022,7/7/2023,2,paused,1/21/2023,119.69,9,30,Sports,Dress,Clothing,Male,431,1077.21,Churned
ORD6187,CUST2187,35,PROD1387,Pakistan,7/5/2022,11/29/2023,2,cancelled,9/14/2024,632.36,2,39,Electronics,Perfume,Beauty,Male,286,1264.72,Churned
ORD6188,CUST2188,62,PROD1388,Germany,6/21/2021,9/18/2023,0,cancelled,9/4/2024,332.94,2,15,Clothing,Moisturizer,Beauty,Male,358,665.88,Churned
ORD6189,CUST2189,22,PROD1389,Canada,5/30/2022,11/3/2024,3,active,10/25/2023,378.98,5,9,Beauty,Microwave,Home,Male,-54,1894.9,Active
ORD6190,CUST2190,31,PROD1390,Pakistan,5/4/2022,2/6/2023,3,active,7/28/2022,601.94,3,44,Sports,"Dining Table",Home,Male,582,1805.8200000000002,Churned
ORD6191,CUST2191,33,PROD1391,Canada,11/9/2022,1/25/2024,1,active,5/1/2023,76.39,8,49,Clothing,Tablet,Electronics,Male,229,611.12,Churned
ORD6192,CUST2192,32,PROD1392,India,6/26/2021,7/10/2021,2,cancelled,6/30/2025,247.03,6,27,Beauty,Lamp,Home,Female,1158,1482.18,Churned
ORD6193,CUST2193,50,PROD1393,UK,10/10/2021,1/8/2024,5,cancelled,2/15/2025,215.7,4,13,Beauty,Sneakers,Clothing,Female,246,862.8,Churned
ORD6194,CUST2194,35,PROD1394,UK,2/18/2022,8/10/2025,3,active,9/18/2022,474.15,4,40,Home,Laptop,Electronics,Female,-334,1896.6,Active
ORD6195,CUST2195,57,PROD1395,UK,2/15/2021,7/2/2023,2,active,9/23/2021,6.64,5,4,Home,"Yoga Mat",Sports,Male,436,33.199999999999996,Churned
ORD6196,CUST2196,58,PROD1396,UK,9/18/2021,4/19/2024,1,paused,9/10/2024,757.47,2,21,Clothing,"Face Wash",Beauty,Male,144,1514.94,Churned
ORD6197,CUST2197,31,PROD1397,USA,12/31/2022,7/6/2023,2,active,12/10/2023,384.35,5,41,Sports,"Cycling Helmet",Sports,Other,432,1921.75,Churned
ORD6198,CUST2198,35,PROD1398,UK,2/9/2021,4/19/2023,5,active,12/22/2022,252.19,4,7,Sports,Blender,Home,Male,510,1008.76,Churned
ORD6199,CUST2199,30,PROD1399,USA,8/3/2023,10/31/2023,4,active,4/30/2025,561.99,3,39,Sports,"Cricket Bat",Sports,Male,315,1685.97,Churned
ORD6200,CUST2200,69,PROD1400,UK,1/19/2022,11/4/2023,5,active,2/23/2022,156.84,3,20,Beauty,"Cricket Bat",Sports,Male,311,470.52,Churned
ORD6201,CUST2201,55,PROD1401,UK,3/11/2023,9/12/2023,2,active,10/16/2023,948.96,1,25,Sports,Conditioner,Beauty,Female,364,948.96,Churned
ORD6202,CUST2202,56,PROD1402,UK,1/12/2021,12/16/2021,4,active,11/15/2023,217.24,9,36,Electronics,Football,Sports,Female,999,1955.16,Churned
ORD6203,CUST2203,43,PROD1403,Canada,4/24/2021,10/8/2023,2,active,11/29/2024,197.39,6,6,Electronics,Conditioner,Beauty,Male,338,1184.34,Churned
ORD6204,CUST2204,54,PROD1404,USA,11/7/2021,3/1/2024,1,active,2/22/2024,99.21,7,47,Clothing,Moisturizer,Beauty,Female,193,694.4699999999999,Churned
ORD6205,CUST2205,30,PROD1405,USA,7/6/2022,3/2/2024,4,active,3/27/2023,176.86,9,12,Beauty,Dumbbells,Sports,Male,192,1591.7400000000002,Churned
ORD6206,CUST2206,42,PROD1406,UK,1/21/2021,12/1/2024,4,paused,9/28/2024,259.64,5,20,Clothing,Microwave,Home,Female,-82,1298.1999999999998,Active
ORD6207,CUST2207,38,PROD1407,India,5/10/2023,12/27/2023,4,active,8/3/2024,581.93,3,23,Sports,Hoodie,Clothing,Male,258,1745.79,Churned
ORD6208,CUST2208,48,PROD1408,Pakistan,12/22/2021,11/28/2022,0,active,6/15/2024,297.19,1,27,Clothing,"Dining Table",Home,Female,652,297.19,Churned
ORD6209,CUST2209,67,PROD1409,Canada,5/21/2022,5/9/2025,1,cancelled,8/1/2025,349.74,2,5,Electronics,Microwave,Home,Male,-241,699.48,Active
ORD6210,CUST2210,29,PROD1410,India,10/31/2020,3/22/2025,3,cancelled,12/1/2020,603.4,1,19,Clothing,Jacket,Clothing,Male,-193,603.4,Active
ORD6211,CUST2211,18,PROD1411,Germany,6/19/2021,10/22/2022,3,active,11/16/2024,88.5,4,28,Electronics,Football,Sports,Male,689,354,Churned
ORD6212,CUST2212,28,PROD1412,UK,9/12/2022,5/11/2024,0,active,6/13/2025,144.34,8,36,Sports,Laptop,Electronics,Female,122,1154.72,Churned
ORD6213,CUST2213,57,PROD1413,India,3/4/2022,1/20/2024,4,active,11/29/2024,927.7,2,23,Sports,"Bluetooth Speaker",Electronics,Male,234,1855.4,Churned
ORD6214,CUST2214,40,PROD1414,UK,4/9/2022,5/20/2023,4,paused,10/30/2024,3.64,8,44,Sports,Laptop,Electronics,Male,479,29.12,Churned
ORD6215,CUST2215,62,PROD1415,USA,5/1/2021,12/5/2023,0,cancelled,6/27/2024,98.84,4,20,Electronics,Camera,Electronics,Male,280,395.36,Churned
ORD6216,CUST2216,29,PROD1416,USA,1/12/2021,2/7/2023,0,active,10/26/2024,121.81,9,42,Clothing,Sneakers,Clothing,Male,581,1096.29,Churned
ORD6217,CUST2217,50,PROD1417,UK,2/8/2021,11/15/2024,0,active,8/3/2023,204.64,3,5,Electronics,"Nail Polish",Beauty,Male,-66,613.92,Active
ORD6218,CUST2218,41,PROD1418,USA,6/1/2023,11/20/2024,0,active,10/8/2024,168.35,9,29,Clothing,Perfume,Beauty,Female,-71,1515.1499999999999,Active
ORD6219,CUST2219,64,PROD1419,USA,7/11/2021,5/4/2022,4,paused,4/18/2023,240.51,5,44,Clothing,Perfume,Beauty,Female,860,1202.55,Churned
ORD6220,CUST2220,39,PROD1420,Germany,4/2/2021,1/2/2025,1,active,9/12/2024,13.55,6,6,Home,Jeans,Clothing,Female,-114,81.30000000000001,Active
ORD6221,CUST2221,53,PROD1421,Pakistan,11/7/2022,4/28/2023,1,active,2/10/2024,352.52,3,15,Beauty,Smartwatch,Electronics,Male,501,1057.56,Churned
ORD6222,CUST2222,45,PROD1422,Canada,4/10/2021,8/29/2022,1,cancelled,7/27/2021,640.56,3,38,Electronics,Headphones,Electronics,Male,743,1921.6799999999998,Churned
ORD6223,CUST2223,60,PROD1423,Pakistan,12/4/2021,3/23/2024,0,active,12/18/2022,212.95,3,22,Clothing,Jeans,Clothing,Other,171,638.8499999999999,Churned
ORD6224,CUST2224,29,PROD1424,Germany,9/20/2020,10/7/2023,3,active,2/8/2025,161.64,7,12,Electronics,T-Shirt,Clothing,Female,339,1131.48,Churned
ORD6225,CUST2225,36,PROD1425,Pakistan,7/8/2023,11/26/2024,0,active,4/16/2024,144.78,9,13,Clothing,Dress,Clothing,Female,-77,1303.02,Active
ORD6226,CUST2226,25,PROD1426,Germany,3/24/2023,1/12/2024,5,active,9/23/2023,222.44,8,31,Home,"Tennis Racket",Sports,Female,242,1779.52,Churned
ORD6227,CUST2227,52,PROD1427,India,5/18/2022,12/30/2022,3,active,9/27/2024,29.69,7,48,Home,"Gaming Console",Electronics,Male,620,207.83,Churned
ORD6228,CUST2228,60,PROD1428,Germany,4/7/2023,3/14/2025,0,active,12/29/2023,101.16,8,35,Home,Microwave,Home,Other,-185,809.28,Active
ORD6229,CUST2229,53,PROD1429,UK,8/10/2022,2/23/2024,5,active,12/12/2022,167.51,6,32,Home,"Bluetooth Speaker",Electronics,Female,200,1005.06,Churned
ORD6230,CUST2230,46,PROD1430,India,5/20/2021,11/25/2023,5,cancelled,9/21/2023,108.05,3,48,Home,Perfume,Beauty,Female,290,324.15,Churned
ORD6231,CUST2231,40,PROD1431,Pakistan,2/6/2021,7/23/2025,0,paused,5/18/2025,332.43,6,38,Electronics,"Face Wash",Beauty,Female,-316,1994.58,Active
ORD6232,CUST2232,50,PROD1432,India,12/12/2020,12/22/2020,0,active,2/13/2021,680.64,2,5,Clothing,"Yoga Mat",Sports,Female,1358,1361.28,Churned
ORD6233,CUST2233,67,PROD1433,Canada,10/19/2020,11/28/2023,3,active,1/29/2025,255.08,7,36,Sports,"Cricket Bat",Sports,Female,287,1785.5600000000002,Churned
ORD6234,CUST2234,34,PROD1434,Germany,8/20/2020,7/20/2021,5,active,10/3/2024,114.89,7,27,Clothing,Microwave,Home,Female,1148,804.23,Churned
ORD6235,CUST2235,44,PROD1435,Germany,9/9/2022,3/25/2024,1,active,12/25/2023,192.6,6,17,Sports,Sneakers,Clothing,Female,169,1155.6,Churned
ORD6236,CUST2236,63,PROD1436,India,7/19/2021,5/5/2024,1,cancelled,8/12/2022,138.94,3,27,Beauty,Smartwatch,Electronics,Female,128,416.82,Churned
ORD6237,CUST2237,49,PROD1437,Germany,3/9/2021,1/31/2025,4,active,8/3/2025,1427.64,1,7,Sports,Football,Sports,Female,-143,1427.64,Active
ORD6238,CUST2238,51,PROD1438,Pakistan,12/22/2022,5/19/2024,4,paused,8/10/2024,24.99,7,18,Sports,T-Shirt,Clothing,Female,114,174.92999999999998,Churned
ORD6239,CUST2239,29,PROD1439,India,7/18/2023,11/25/2023,5,active,12/14/2023,61.64,3,28,Sports,Headphones,Electronics,Male,290,184.92000000000002,Churned
ORD6240,CUST2240,44,PROD1440,Germany,8/2/2022,6/6/2024,1,active,9/12/2024,537.06,2,39,Sports,Football,Sports,Male,96,1074.12,Churned
ORD6241,CUST2241,55,PROD1441,Germany,3/3/2021,10/1/2022,0,active,4/19/2023,212.08,4,16,Electronics,"Face Wash",Beauty,Female,710,848.32,Churned
ORD6242,CUST2242,41,PROD1442,Pakistan,2/18/2023,3/7/2025,4,active,8/19/2024,243.58,4,14,Sports,Jeans,Clothing,Female,-178,974.32,Active
ORD6243,CUST2243,26,PROD1443,UK,10/11/2022,5/1/2024,3,active,3/3/2023,992.4,2,10,Electronics,"Bluetooth Speaker",Electronics,Female,132,1984.8,Churned
ORD6244,CUST2244,18,PROD1444,Germany,6/16/2021,10/1/2024,5,active,2/13/2022,610.13,1,20,Electronics,Sneakers,Clothing,Male,-21,610.13,Active
ORD6245,CUST2245,55,PROD1445,Canada,11/13/2020,9/16/2023,3,active,9/7/2023,61.51,9,7,Electronics,"Nail Polish",Beauty,Female,360,553.59,Churned
ORD6246,CUST2246,36,PROD1446,Germany,9/29/2022,8/14/2024,3,cancelled,2/27/2023,699.76,2,28,Electronics,"Dining Table",Home,Female,27,1399.52,Active
ORD6247,CUST2247,60,PROD1447,India,1/18/2021,5/7/2025,0,active,10/31/2021,1111.66,1,8,Beauty,Camera,Electronics,Male,-239,1111.66,Active
ORD6248,CUST2248,46,PROD1448,India,4/13/2023,3/16/2025,3,active,10/2/2023,43.79,9,5,Home,"Running Shoes",Sports,Male,-187,394.11,Active
ORD6249,CUST2249,49,PROD1449,Germany,2/8/2022,8/2/2023,4,cancelled,8/30/2024,27.02,6,35,Home,Smartwatch,Electronics,Male,405,162.12,Churned
ORD6250,CUST2250,48,PROD1450,UK,11/12/2021,7/5/2023,1,active,7/8/2022,124.78,4,10,Electronics,"Cricket Bat",Sports,Male,433,499.12,Churned
ORD6251,CUST2251,58,PROD1451,USA,9/6/2020,7/19/2021,4,cancelled,6/2/2025,169.03,6,44,Beauty,"Cricket Bat",Sports,Female,1149,1014.1800000000001,Churned
ORD6252,CUST2252,26,PROD1452,Canada,7/5/2021,2/22/2024,1,active,12/5/2024,133.46,2,39,Sports,T-Shirt,Clothing,Male,201,266.92,Churned
ORD6253,CUST2253,42,PROD1453,Pakistan,8/10/2021,7/9/2023,2,active,12/3/2024,4.87,8,19,Home,Football,Sports,Female,429,38.96,Churned
ORD6254,CUST2254,54,PROD1454,Canada,10/14/2021,10/16/2021,4,paused,10/20/2024,526.33,1,33,Home,Conditioner,Beauty,Female,1060,526.33,Churned
ORD6255,CUST2255,51,PROD1455,India,5/10/2021,9/11/2022,2,cancelled,11/1/2022,654.83,3,19,Sports,Dumbbells,Sports,Female,730,1964.4900000000002,Churned
ORD6256,CUST2256,28,PROD1456,Germany,9/23/2021,12/3/2022,0,active,2/7/2025,328.15,3,39,Clothing,Perfume,Beauty,Female,647,984.4499999999999,Churned
ORD6257,CUST2257,56,PROD1457,Canada,9/12/2020,12/17/2023,2,cancelled,4/21/2021,106.11,4,6,Home,Sneakers,Clothing,Male,268,424.44,Churned
ORD6258,CUST2258,46,PROD1458,Canada,9/20/2021,9/24/2024,3,active,4/21/2024,102.14,3,17,Beauty,"Dining Table",Home,Male,-14,306.42,Active
ORD6259,CUST2259,39,PROD1459,Germany,10/20/2020,3/27/2021,0,active,1/8/2023,194.13,7,39,Clothing,Basketball,Sports,Male,1263,1358.9099999999999,Churned
ORD6260,CUST2260,50,PROD1460,Germany,2/28/2022,9/11/2023,5,active,1/2/2024,193.65,6,4,Beauty,Dumbbells,Sports,Male,365,1161.9,Churned
ORD6261,CUST2261,50,PROD1461,UK,2/11/2023,2/26/2025,2,active,3/14/2023,35.03,6,47,Clothing,Perfume,Beauty,Female,-169,210.18,Active
ORD6262,CUST2262,58,PROD1462,USA,12/15/2022,10/1/2023,0,paused,4/12/2023,30.41,3,29,Clothing,Refrigerator,Home,Male,345,91.23,Churned
ORD6263,CUST2263,19,PROD1463,UK,3/11/2023,4/6/2025,3,paused,2/4/2024,375.98,3,38,Electronics,"Cricket Bat",Sports,Female,-208,1127.94,Active
ORD6264,CUST2264,25,PROD1464,Pakistan,7/23/2023,5/30/2024,1,active,7/31/2025,289.06,2,38,Clothing,"Cricket Bat",Sports,Male,103,578.12,Churned
ORD6265,CUST2265,48,PROD1465,Canada,11/5/2021,8/10/2022,3,active,5/25/2023,124.07,3,27,Electronics,Conditioner,Beauty,Female,762,372.21,Churned
ORD6266,CUST2266,28,PROD1466,Canada,9/4/2020,3/6/2023,5,active,9/22/2024,563.9,2,49,Beauty,"Bluetooth Speaker",Electronics,Female,554,1127.8,Churned
ORD6267,CUST2267,65,PROD1467,UK,6/27/2021,4/17/2024,1,cancelled,4/28/2022,198.64,6,11,Home,Sofa,Home,Male,146,1191.84,Churned
ORD6268,CUST2268,68,PROD1468,USA,8/21/2021,9/11/2021,3,cancelled,6/29/2023,248.56,8,4,Home,Conditioner,Beauty,Female,1095,1988.48,Churned
ORD6269,CUST2269,43,PROD1469,Pakistan,2/16/2021,1/17/2024,4,active,2/21/2024,218.97,7,23,Sports,Perfume,Beauty,Female,237,1532.79,Churned
ORD6270,CUST2270,24,PROD1470,UK,6/21/2022,10/8/2023,0,active,8/26/2023,915.31,1,42,Home,"Running Shoes",Sports,Male,338,915.31,Churned
ORD6271,CUST2271,55,PROD1471,Canada,4/10/2022,10/17/2022,3,active,1/15/2024,323.13,3,43,Beauty,Skirt,Clothing,Male,694,969.39,Churned
ORD6272,CUST2272,47,PROD1472,USA,2/4/2023,4/16/2025,2,paused,9/10/2023,50.14,8,17,Beauty,"Vacuum Cleaner",Home,Male,-218,401.12,Active
ORD6273,CUST2273,25,PROD1473,Pakistan,3/31/2021,7/29/2021,5,active,4/21/2021,1991.63,1,31,Beauty,Dress,Clothing,Female,1139,1991.63,Churned
ORD6274,CUST2274,60,PROD1474,Canada,3/30/2021,11/10/2024,0,active,1/27/2025,382.55,3,1,Sports,Dumbbells,Sports,Female,-61,1147.65,Active
ORD6275,CUST2275,58,PROD1475,India,8/17/2022,8/3/2025,4,active,7/11/2025,29.84,5,12,Electronics,Chair,Home,Male,-327,149.2,Active
ORD6276,CUST2276,18,PROD1476,India,9/13/2022,12/6/2022,5,paused,5/24/2023,140.01,6,19,Sports,"Bluetooth Speaker",Electronics,Female,644,840.06,Churned
ORD6277,CUST2277,53,PROD1477,USA,3/1/2021,2/26/2024,2,active,1/2/2024,32.62,5,18,Home,Camera,Electronics,Male,197,163.1,Churned
ORD6278,CUST2278,34,PROD1478,UK,2/26/2023,1/26/2024,0,cancelled,8/11/2023,529.1,3,32,Sports,Foundation,Beauty,Female,228,1587.3000000000002,Churned
ORD6279,CUST2279,53,PROD1479,Canada,3/13/2023,8/5/2025,1,active,10/30/2024,10.29,6,4,Home,"Cycling Helmet",Sports,Female,-329,61.739999999999995,Active
ORD6280,CUST2280,41,PROD1480,Germany,2/9/2023,10/9/2024,1,active,6/29/2024,142.15,8,21,Clothing,Hoodie,Clothing,Male,-29,1137.2,Active
ORD6281,CUST2281,27,PROD1481,Germany,1/5/2023,8/19/2025,2,active,11/18/2024,145.91,9,4,Electronics,Smartwatch,Electronics,Male,-343,1313.19,Active
ORD6282,CUST2282,27,PROD1482,UK,7/24/2021,8/8/2024,0,active,8/21/2023,105.25,5,36,Home,Hoodie,Clothing,Female,33,526.25,Active
ORD6283,CUST2283,52,PROD1483,Germany,1/13/2022,8/13/2023,1,active,8/17/2024,97.62,6,33,Electronics,Blender,Home,Male,394,585.72,Churned
ORD6284,CUST2284,46,PROD1484,India,9/30/2021,11/20/2024,2,active,2/21/2022,214.28,9,28,Clothing,"Gaming Console",Electronics,Male,-71,1928.52,Active
ORD6285,CUST2285,26,PROD1485,UK,5/23/2022,5/9/2025,4,active,11/27/2023,203.87,5,35,Home,Headphones,Electronics,Male,-241,1019.35,Active
ORD6286,CUST2286,56,PROD1486,UK,6/10/2021,10/24/2022,2,active,1/3/2024,104.25,7,34,Beauty,Sneakers,Clothing,Female,687,729.75,Churned
ORD6287,CUST2287,32,PROD1487,Canada,5/1/2021,5/11/2024,0,active,1/10/2024,42.2,8,36,Beauty,"Face Wash",Beauty,Female,122,337.6,Churned
ORD6288,CUST2288,69,PROD1488,India,7/7/2022,5/28/2023,2,cancelled,9/22/2024,417.98,4,35,Sports,Perfume,Beauty,Female,471,1671.92,Churned
ORD6289,CUST2289,64,PROD1489,Pakistan,3/4/2023,9/26/2024,5,cancelled,10/21/2023,115.36,6,5,Electronics,Camera,Electronics,Female,-16,692.16,Active
ORD6290,CUST2290,24,PROD1490,Pakistan,6/18/2022,5/29/2024,3,paused,3/1/2023,51.56,6,27,Home,"Dining Table",Home,Female,104,309.36,Churned
ORD6291,CUST2291,18,PROD1491,Germany,8/10/2022,7/5/2023,5,cancelled,6/16/2024,201.74,4,19,Sports,T-Shirt,Clothing,Male,433,806.96,Churned
ORD6292,CUST2292,19,PROD1492,Canada,11/17/2021,2/17/2023,1,active,6/12/2023,5.47,5,39,Home,Shirt,Clothing,Female,571,27.349999999999998,Churned
ORD6293,CUST2293,59,PROD1493,USA,11/22/2020,12/6/2022,2,cancelled,7/7/2021,90.05,9,26,Sports,Microwave,Home,Female,644,810.4499999999999,Churned
ORD6294,CUST2294,19,PROD1494,UK,3/29/2023,1/6/2025,2,active,6/2/2025,96.8,6,32,Clothing,Jeans,Clothing,Female,-118,580.8,Active
ORD6295,CUST2295,31,PROD1495,Pakistan,5/25/2021,5/20/2024,4,active,12/30/2022,242.91,6,40,Beauty,Sneakers,Clothing,Male,113,1457.46,Churned
ORD6296,CUST2296,66,PROD1496,India,4/2/2022,5/26/2024,3,active,7/25/2022,346.43,4,10,Sports,Smartwatch,Electronics,Male,107,1385.72,Churned
ORD6297,CUST2297,63,PROD1497,Germany,12/5/2022,3/5/2025,1,active,9/13/2024,272.76,5,30,Home,Dress,Clothing,Female,-176,1363.8,Active
ORD6298,CUST2298,56,PROD1498,Canada,10/9/2021,3/17/2024,0,paused,1/21/2025,125.7,2,16,Electronics,"Yoga Mat",Sports,Female,177,251.4,Churned
ORD6299,CUST2299,33,PROD1499,USA,2/15/2022,1/14/2023,2,active,4/6/2024,71.6,8,13,Electronics,Foundation,Beauty,Female,605,572.8,Churned
ORD6300,CUST2300,22,PROD1500,Pakistan,11/5/2022,6/4/2023,1,cancelled,8/1/2024,182.98,4,36,Home,"Running Shoes",Sports,Female,464,731.92,Churned
ORD6301,CUST2301,44,PROD1501,USA,10/17/2022,12/17/2023,2,cancelled,2/12/2024,45.81,1,18,Electronics,"Face Wash",Beauty,Male,268,45.81,Churned
ORD6302,CUST2302,49,PROD1502,India,10/8/2020,11/19/2022,3,active,7/3/2024,221.45,6,29,Home,"Bluetooth Speaker",Electronics,Male,661,1328.6999999999998,Churned
ORD6303,CUST2303,24,PROD1503,Canada,3/24/2022,1/13/2024,1,cancelled,3/24/2022,185.94,8,4,Home,Lipstick,Beauty,Female,241,1487.52,Churned
ORD6304,CUST2304,57,PROD1504,USA,9/3/2020,2/22/2022,4,active,11/2/2021,842.3,2,11,Home,Jacket,Clothing,Female,931,1684.6,Churned
ORD6305,CUST2305,19,PROD1505,Canada,4/3/2021,5/8/2022,5,active,3/16/2023,1871.19,1,13,Electronics,Skirt,Clothing,Male,856,1871.19,Churned
ORD6306,CUST2306,37,PROD1506,USA,7/11/2023,12/18/2024,5,active,9/19/2023,618.69,2,2,Clothing,Camera,Electronics,Male,-99,1237.38,Active
ORD6307,CUST2307,58,PROD1507,Canada,1/7/2021,11/28/2021,4,cancelled,4/8/2021,165.97,7,22,Home,"Cricket Bat",Sports,Female,1017,1161.79,Churned
ORD6308,CUST2308,27,PROD1508,USA,7/25/2022,11/20/2023,1,cancelled,3/15/2024,241.95,7,20,Clothing,Smartphone,Electronics,Female,295,1693.6499999999999,Churned
ORD6309,CUST2309,67,PROD1509,UK,7/31/2022,7/9/2024,3,active,8/25/2023,207.24,8,6,Sports,Basketball,Sports,Male,63,1657.92,"At Risk"
ORD6310,CUST2310,27,PROD1510,Canada,4/16/2023,3/7/2024,3,active,12/20/2023,428.21,3,47,Home,"Gaming Console",Electronics,Male,187,1284.6299999999999,Churned
ORD6311,CUST2311,27,PROD1511,USA,11/22/2021,8/10/2024,5,paused,3/1/2022,224.13,7,34,Beauty,Refrigerator,Home,Male,31,1568.9099999999999,Active
ORD6312,CUST2312,61,PROD1512,Pakistan,7/12/2023,4/16/2025,5,active,3/17/2025,77.19,8,19,Sports,Moisturizer,Beauty,Female,-218,617.52,Active
ORD6313,CUST2313,19,PROD1513,USA,10/9/2021,9/5/2024,3,cancelled,3/13/2024,64.16,2,25,Clothing,"Tennis Racket",Sports,Female,5,128.32,Active
ORD6314,CUST2314,25,PROD1514,Pakistan,6/27/2022,7/12/2025,4,cancelled,5/16/2024,618.94,3,18,Home,"Dining Table",Home,Male,-305,1856.8200000000002,Active
ORD6315,CUST2315,29,PROD1515,USA,9/3/2022,8/18/2025,1,cancelled,10/26/2023,86.78,5,6,Home,Dumbbells,Sports,Male,-342,433.9,Active
ORD6316,CUST2316,52,PROD1516,India,10/7/2021,7/18/2022,3,active,5/9/2024,266,6,8,Beauty,Sofa,Home,Male,785,1596,Churned
ORD6317,CUST2317,64,PROD1517,Germany,4/4/2021,3/2/2022,0,paused,1/26/2024,195.92,6,29,Clothing,Laptop,Electronics,Female,923,1175.52,Churned
ORD6318,CUST2318,50,PROD1518,USA,3/8/2021,6/21/2023,2,cancelled,10/15/2023,136.75,9,25,Clothing,Shirt,Clothing,Female,447,1230.75,Churned
ORD6319,CUST2319,26,PROD1519,UK,11/1/2021,8/28/2022,4,active,5/20/2025,7.43,3,23,Home,Smartwatch,Electronics,Other,744,22.29,Churned
ORD6320,CUST2320,53,PROD1520,Germany,4/30/2023,3/15/2025,0,active,1/19/2025,691.59,2,43,Beauty,Microwave,Home,Male,-186,1383.18,Active
ORD6321,CUST2321,20,PROD1521,Pakistan,8/29/2021,3/29/2022,0,active,10/2/2022,500.26,2,12,Home,Sofa,Home,Male,896,1000.52,Churned
ORD6322,CUST2322,23,PROD1522,Canada,7/9/2022,5/5/2023,4,cancelled,10/13/2024,221.95,8,7,Sports,Sofa,Home,Male,494,1775.6,Churned
ORD6323,CUST2323,31,PROD1523,India,5/7/2023,8/15/2024,2,active,11/25/2023,381.19,3,20,Beauty,"Running Shoes",Sports,Male,26,1143.57,Active
ORD6324,CUST2324,26,PROD1524,Germany,5/23/2021,8/20/2023,5,active,6/4/2024,255.16,1,15,Clothing,Smartwatch,Electronics,Male,387,255.16,Churned
ORD6325,CUST2325,21,PROD1525,UK,9/8/2021,12/20/2021,5,cancelled,10/18/2023,197.79,7,48,Clothing,Lipstick,Beauty,Male,995,1384.53,Churned
ORD6326,CUST2326,49,PROD1526,Germany,3/13/2021,4/10/2024,0,paused,1/29/2023,147.52,7,10,Beauty,"Face Wash",Beauty,Female,153,1032.64,Churned
ORD6327,CUST2327,58,PROD1527,Pakistan,8/11/2021,5/16/2023,3,active,7/24/2022,65.92,4,29,Clothing,Perfume,Beauty,Female,483,263.68,Churned
ORD6328,CUST2328,18,PROD1528,USA,9/6/2022,6/4/2025,5,active,11/28/2023,949.4,2,13,Home,Refrigerator,Home,Female,-267,1898.8,Active
ORD6329,CUST2329,30,PROD1529,USA,10/12/2022,5/2/2023,4,active,9/24/2023,1629.13,1,35,Clothing,Camera,Electronics,Female,497,1629.13,Churned
ORD6330,CUST2330,23,PROD1530,Pakistan,12/6/2020,2/10/2025,4,active,5/11/2024,110.64,5,44,Home,Shirt,Clothing,Male,-153,553.2,Active
ORD6331,CUST2331,52,PROD1531,Canada,2/22/2023,5/25/2025,2,paused,7/7/2024,119.46,7,30,Beauty,"Running Shoes",Sports,Male,-257,836.2199999999999,Active
ORD6332,CUST2332,49,PROD1532,Pakistan,12/13/2020,1/23/2022,4,cancelled,2/18/2025,258.65,2,36,Clothing,"Vacuum Cleaner",Home,Female,961,517.3,Churned
ORD6333,CUST2333,55,PROD1533,UK,9/10/2020,12/12/2022,1,active,6/20/2021,690.54,2,34,Sports,Jeans,Clothing,Male,638,1381.08,Churned
ORD6334,CUST2334,36,PROD1534,India,2/24/2022,9/9/2024,3,active,1/25/2024,68.17,8,43,Clothing,Sneakers,Clothing,Other,1,545.36,Active
ORD6335,CUST2335,65,PROD1535,USA,8/9/2022,6/5/2023,4,active,1/8/2025,172.68,2,2,Home,"Yoga Mat",Sports,Male,463,345.36,Churned
ORD6336,CUST2336,54,PROD1536,Pakistan,9/15/2020,3/9/2024,3,cancelled,3/3/2023,330.61,6,6,Electronics,Sofa,Home,Female,185,1983.66,Churned
ORD6337,CUST2337,57,PROD1537,Pakistan,4/1/2021,7/16/2025,2,cancelled,9/27/2022,71.44,9,21,Beauty,Sofa,Home,Female,-309,642.96,Active
ORD6338,CUST2338,19,PROD1538,UK,7/31/2021,5/2/2023,2,paused,9/30/2023,253.84,7,14,Electronics,Hoodie,Clothing,Male,497,1776.88,Churned
ORD6339,CUST2339,56,PROD1539,India,9/16/2021,5/22/2025,5,active,5/2/2024,309.98,6,46,Beauty,"Tennis Racket",Sports,Male,-254,1859.88,Active
ORD6340,CUST2340,39,PROD1540,Canada,6/19/2021,2/7/2022,3,cancelled,2/16/2025,879.8,2,6,Home,Refrigerator,Home,Female,946,1759.6,Churned
ORD6341,CUST2341,49,PROD1541,Pakistan,3/11/2023,4/11/2023,2,paused,3/17/2025,50.77,8,38,Home,"Running Shoes",Sports,Female,518,406.16,Churned
ORD6342,CUST2342,49,PROD1542,India,11/1/2022,11/26/2022,0,active,1/25/2023,542.24,3,22,Beauty,Sofa,Home,Female,654,1626.72,Churned
ORD6343,CUST2343,24,PROD1543,India,5/27/2021,2/17/2025,4,active,7/29/2022,54.93,6,17,Beauty,Conditioner,Beauty,Female,-160,329.58,Active
ORD6344,CUST2344,56,PROD1544,India,12/24/2022,3/1/2023,1,cancelled,7/9/2023,184.96,5,22,Home,Jeans,Clothing,Male,559,924.8000000000001,Churned
ORD6345,CUST2345,20,PROD1545,Pakistan,3/22/2021,7/12/2023,1,cancelled,12/8/2022,144.7,9,6,Electronics,Shirt,Clothing,Other,426,1302.3,Churned
ORD6346,CUST2346,21,PROD1546,India,6/28/2021,7/20/2022,2,active,9/7/2024,622.99,3,13,Sports,Lipstick,Beauty,Female,783,1868.97,Churned
ORD6347,CUST2347,45,PROD1547,Canada,4/12/2023,6/30/2024,1,paused,7/22/2024,175.45,7,43,Clothing,Shampoo,Beauty,Male,72,1228.1499999999999,"At Risk"
ORD6348,CUST2348,47,PROD1548,India,5/20/2021,1/22/2025,0,cancelled,6/27/2022,212.73,9,49,Home,"Running Shoes",Sports,Female,-134,1914.57,Active
ORD6349,CUST2349,53,PROD1549,Germany,8/20/2021,8/22/2021,3,cancelled,2/28/2023,119.35,9,11,Electronics,"Yoga Mat",Sports,Male,1115,1074.1499999999999,Churned
ORD6350,CUST2350,52,PROD1550,Pakistan,11/11/2022,3/8/2024,5,active,3/5/2024,151.31,6,1,Electronics,Shirt,Clothing,Female,186,907.86,Churned
ORD6351,CUST2351,45,PROD1551,Germany,10/17/2020,5/8/2024,4,paused,8/14/2025,445.52,3,16,Electronics,Foundation,Beauty,Male,125,1336.56,Churned
ORD6352,CUST2352,62,PROD1552,Canada,12/15/2021,5/6/2025,0,active,2/15/2022,1700,1,20,Electronics,Smartphone,Electronics,Male,-238,1700,Active
ORD6353,CUST2353,45,PROD1553,India,12/15/2020,4/11/2023,4,cancelled,9/9/2022,22.68,7,7,Clothing,Hoodie,Clothing,Female,518,158.76,Churned
ORD6354,CUST2354,20,PROD1554,Pakistan,4/9/2023,3/25/2025,1,paused,7/17/2024,20.48,4,10,Sports,"Tennis Racket",Sports,Female,-196,81.92,Active
ORD6355,CUST2355,33,PROD1555,USA,10/26/2022,2/2/2025,0,active,12/6/2024,169.2,8,24,Electronics,Hoodie,Clothing,Female,-145,1353.6,Active
ORD6356,CUST2356,58,PROD1556,India,7/4/2023,6/9/2025,0,active,3/7/2025,167.54,2,12,Clothing,Moisturizer,Beauty,Female,-272,335.08,Active
ORD6357,CUST2357,49,PROD1557,UK,11/13/2021,9/16/2023,3,cancelled,2/4/2023,111.39,9,29,Electronics,Camera,Electronics,Female,360,1002.51,Churned
ORD6358,CUST2358,58,PROD1558,Germany,10/6/2021,8/16/2025,4,cancelled,12/6/2023,188.9,9,47,Electronics,Moisturizer,Beauty,Female,-340,1700.1000000000001,Active
ORD6359,CUST2359,57,PROD1559,USA,8/15/2023,10/25/2024,0,active,3/2/2024,324.54,3,26,Clothing,Smartwatch,Electronics,Female,-45,973.6200000000001,Active
ORD6360,CUST2360,65,PROD1560,UK,1/31/2021,2/9/2025,3,active,4/16/2025,62.99,9,3,Home,"Cycling Helmet",Sports,Female,-152,566.91,Active
ORD6361,CUST2361,58,PROD1561,USA,8/17/2021,7/24/2023,2,active,11/27/2024,471.05,4,49,Home,Jeans,Clothing,Male,414,1884.2,Churned
ORD6362,CUST2362,67,PROD1562,Canada,7/3/2022,7/24/2025,1,paused,3/25/2025,23.01,8,3,Sports,Camera,Electronics,Female,-317,184.08,Active
ORD6363,CUST2363,41,PROD1563,Pakistan,5/4/2023,4/12/2025,2,paused,11/26/2023,115.09,6,36,Electronics,Headphones,Electronics,Female,-214,690.54,Active
ORD6364,CUST2364,23,PROD1564,Canada,12/28/2020,1/15/2022,3,cancelled,3/6/2025,1588.58,1,40,Sports,Blender,Home,Male,969,1588.58,Churned
ORD6365,CUST2365,45,PROD1565,UK,9/9/2022,5/14/2023,3,paused,10/17/2022,130.33,7,48,Electronics,Moisturizer,Beauty,Female,485,912.3100000000001,Churned
ORD6366,CUST2366,57,PROD1566,India,6/12/2022,9/27/2022,4,active,12/21/2023,12.04,7,9,Sports,Lamp,Home,Female,714,84.28,Churned
ORD6367,CUST2367,41,PROD1567,Canada,3/15/2021,8/3/2025,4,active,2/25/2022,246.03,1,17,Clothing,Refrigerator,Home,Female,-327,246.03,Active
ORD6368,CUST2368,54,PROD1568,Germany,1/27/2021,7/26/2023,4,cancelled,8/28/2021,908.2,1,18,Beauty,T-Shirt,Clothing,Male,412,908.2,Churned
ORD6369,CUST2369,57,PROD1569,India,2/24/2021,12/30/2021,2,cancelled,4/12/2024,150,9,35,Beauty,Moisturizer,Beauty,Other,985,1350,Churned
ORD6370,CUST2370,61,PROD1570,India,10/28/2021,5/4/2024,3,active,9/13/2023,142.08,5,22,Electronics,Shirt,Clothing,Male,129,710.4000000000001,Churned
ORD6371,CUST2371,19,PROD1571,Canada,4/27/2021,6/8/2021,2,active,10/10/2023,379.56,5,9,Electronics,Microwave,Home,Male,1190,1897.8,Churned
ORD6372,CUST2372,23,PROD1572,Canada,4/8/2023,7/11/2024,2,active,4/22/2023,102.98,5,37,Home,"Nail Polish",Beauty,Female,61,514.9,"At Risk"
ORD6373,CUST2373,64,PROD1573,Canada,6/7/2021,9/15/2024,3,paused,3/6/2022,253.18,7,36,Clothing,Headphones,Electronics,Female,-5,1772.26,Active
ORD6374,CUST2374,64,PROD1574,Canada,5/21/2022,6/18/2023,3,cancelled,12/18/2024,194.77,3,39,Sports,T-Shirt,Clothing,Male,450,584.3100000000001,Churned
ORD6375,CUST2375,50,PROD1575,UK,7/31/2023,1/21/2025,4,active,3/4/2024,684.85,1,13,Beauty,"Yoga Mat",Sports,Male,-133,684.85,Active
ORD6376,CUST2376,63,PROD1576,Pakistan,7/7/2023,5/19/2025,0,active,9/16/2024,79.84,5,3,Sports,Sofa,Home,Female,-251,399.20000000000005,Active
ORD6377,CUST2377,38,PROD1577,Canada,11/20/2020,7/13/2024,4,cancelled,3/6/2021,59.01,9,47,Beauty,Dumbbells,Sports,Female,59,531.09,Active
ORD6378,CUST2378,33,PROD1578,Germany,5/6/2023,7/7/2025,4,cancelled,7/3/2024,291,2,47,Sports,"Nail Polish",Beauty,Female,-300,582,Active
ORD6379,CUST2379,22,PROD1579,USA,9/29/2020,8/29/2022,1,paused,9/12/2021,159.4,7,37,Clothing,"Cricket Bat",Sports,Female,743,1115.8,Churned
ORD6380,CUST2380,67,PROD1580,USA,8/1/2021,10/22/2024,3,cancelled,2/2/2023,755.57,1,20,Clothing,Sneakers,Clothing,Female,-42,755.57,Active
ORD6381,CUST2381,63,PROD1581,USA,8/12/2021,10/27/2024,1,active,4/20/2022,191.24,9,5,Electronics,Foundation,Beauty,Male,-47,1721.16,Active
ORD6382,CUST2382,64,PROD1582,USA,9/30/2021,10/21/2023,3,paused,10/2/2023,161.58,1,10,Clothing,Skirt,Clothing,Other,325,161.58,Churned
ORD6383,CUST2383,67,PROD1583,Germany,4/26/2022,1/7/2025,3,paused,3/4/2024,15.82,8,34,Electronics,Jeans,Clothing,Female,-119,126.56,Active
ORD6384,CUST2384,53,PROD1584,Pakistan,6/5/2023,9/1/2024,3,active,1/7/2025,796.22,2,2,Clothing,Microwave,Home,Male,9,1592.44,Active
ORD6385,CUST2385,44,PROD1585,Pakistan,6/12/2023,7/14/2024,2,cancelled,11/16/2023,205.61,4,39,Electronics,Jeans,Clothing,Male,58,822.44,Active
ORD6386,CUST2386,26,PROD1586,India,12/17/2022,1/5/2025,2,active,1/18/2025,271.7,3,18,Clothing,Microwave,Home,Male,-117,815.0999999999999,Active
ORD6387,CUST2387,25,PROD1587,Pakistan,4/4/2023,11/25/2023,1,active,8/10/2025,46.96,6,15,Clothing,Smartphone,Electronics,Female,290,281.76,Churned
ORD6388,CUST2388,64,PROD1588,Germany,12/4/2022,9/25/2024,2,active,11/26/2023,1221.69,1,8,Beauty,Sofa,Home,Female,-15,1221.69,Active
ORD6389,CUST2389,39,PROD1589,Germany,5/22/2021,1/3/2024,3,cancelled,2/17/2023,423.54,3,12,Beauty,Conditioner,Beauty,Male,251,1270.6200000000001,Churned
ORD6390,CUST2390,26,PROD1590,India,1/27/2022,6/30/2024,3,cancelled,4/14/2023,179.2,9,40,Home,Foundation,Beauty,Female,72,1612.8,"At Risk"
ORD6391,CUST2391,54,PROD1591,USA,10/17/2020,5/25/2021,0,active,7/19/2021,37.03,4,31,Home,Smartwatch,Electronics,Male,1204,148.12,Churned
ORD6392,CUST2392,63,PROD1592,India,10/10/2020,7/3/2021,0,active,6/27/2024,118.63,8,47,Electronics,"Bluetooth Speaker",Electronics,Male,1165,949.04,Churned
ORD6393,CUST2393,33,PROD1593,UK,4/10/2023,9/8/2024,1,paused,2/26/2025,259.76,5,15,Sports,"Cricket Bat",Sports,Male,2,1298.8,Active
ORD6394,CUST2394,51,PROD1594,UK,10/28/2021,6/16/2024,2,paused,3/29/2023,169.48,5,39,Clothing,T-Shirt,Clothing,Male,86,847.4,"At Risk"
ORD6395,CUST2395,59,PROD1595,UK,10/10/2021,2/4/2024,4,cancelled,10/1/2024,99.51,9,31,Home,Smartphone,Electronics,Male,219,895.59,Churned
ORD6396,CUST2396,62,PROD1596,UK,8/28/2021,1/18/2025,3,active,7/5/2023,1615.8,1,9,Home,"Dining Table",Home,Female,-130,1615.8,Active
ORD6397,CUST2397,67,PROD1597,Pakistan,8/21/2021,2/25/2025,2,active,2/26/2024,1785.74,1,41,Sports,Refrigerator,Home,Female,-168,1785.74,Active
ORD6398,CUST2398,69,PROD1598,Canada,1/30/2021,11/5/2022,4,active,2/22/2023,83.28,7,33,Sports,"Tennis Racket",Sports,Male,675,582.96,Churned
ORD6399,CUST2399,31,PROD1599,USA,8/22/2021,5/4/2023,1,active,12/31/2023,43.76,9,49,Sports,Lipstick,Beauty,Male,495,393.84,Churned
ORD6400,CUST2400,18,PROD1600,Canada,11/10/2021,11/9/2024,4,active,6/29/2023,415.22,4,35,Electronics,"Vacuum Cleaner",Home,Male,-60,1660.88,Active
ORD6401,CUST2401,56,PROD1601,India,12/29/2020,9/15/2024,2,cancelled,4/1/2022,261.32,6,32,Electronics,"Cycling Helmet",Sports,Male,-5,1567.92,Active
ORD6402,CUST2402,57,PROD1602,USA,6/1/2022,10/28/2023,3,active,5/1/2023,266.39,3,32,Sports,"Bluetooth Speaker",Electronics,Female,318,799.17,Churned
ORD6403,CUST2403,35,PROD1603,USA,5/17/2021,11/10/2021,2,paused,3/21/2024,132.31,8,11,Sports,Shampoo,Beauty,Other,1035,1058.48,Churned
ORD6404,CUST2404,56,PROD1604,UK,5/4/2023,5/27/2023,3,active,7/20/2024,384.68,5,18,Electronics,Laptop,Electronics,Male,472,1923.4,Churned
ORD6405,CUST2405,20,PROD1605,Canada,3/19/2022,2/18/2023,5,active,2/26/2025,1914.38,1,10,Home,Dumbbells,Sports,Male,570,1914.38,Churned
ORD6406,CUST2406,49,PROD1606,Pakistan,6/5/2023,7/15/2023,0,active,7/21/2024,679.41,2,41,Clothing,Skirt,Clothing,Male,423,1358.82,Churned
ORD6407,CUST2407,63,PROD1607,Pakistan,8/17/2021,11/11/2021,2,cancelled,11/4/2021,145.38,3,30,Electronics,Conditioner,Beauty,Male,1034,436.14,Churned
ORD6408,CUST2408,33,PROD1608,Germany,1/22/2021,4/18/2021,3,active,8/20/2025,219.08,7,16,Clothing,Chair,Home,Female,1241,1533.5600000000002,Churned
ORD6409,CUST2409,43,PROD1609,India,4/24/2021,9/15/2021,2,active,5/19/2022,90.87,7,25,Sports,Dumbbells,Sports,Male,1091,636.09,Churned
ORD6410,CUST2410,21,PROD1610,Germany,4/28/2023,6/14/2024,4,paused,6/18/2024,36.01,2,9,Sports,Smartphone,Electronics,Male,88,72.02,"At Risk"
ORD6411,CUST2411,65,PROD1611,USA,12/26/2022,8/13/2024,2,paused,12/17/2024,388.06,5,45,Beauty,"Bluetooth Speaker",Electronics,Male,28,1940.3,Active
ORD6412,CUST2412,48,PROD1612,Canada,8/5/2021,3/23/2025,5,active,4/26/2022,81.82,4,33,Electronics,Laptop,Electronics,Female,-194,327.28,Active
ORD6413,CUST2413,42,PROD1613,Germany,11/29/2021,5/8/2025,0,active,7/8/2023,107.4,8,5,Sports,Moisturizer,Beauty,Female,-240,859.2,Active
ORD6414,CUST2414,38,PROD1614,USA,10/28/2022,5/1/2024,3,active,10/9/2024,656.65,3,13,Home,Conditioner,Beauty,Male,132,1969.9499999999998,Churned
ORD6415,CUST2415,69,PROD1615,UK,1/21/2023,12/17/2024,1,active,7/7/2024,213.07,8,47,Home,Dumbbells,Sports,Male,-98,1704.56,Active
ORD6416,CUST2416,63,PROD1616,Canada,5/4/2023,10/8/2024,4,cancelled,3/7/2024,259.9,6,34,Clothing,Sneakers,Clothing,Female,-28,1559.3999999999999,Active
ORD6417,CUST2417,59,PROD1617,UK,4/19/2023,12/19/2024,1,active,10/15/2024,1499.25,1,4,Home,Moisturizer,Beauty,Female,-100,1499.25,Active
ORD6418,CUST2418,57,PROD1618,UK,9/2/2021,6/21/2024,2,active,9/4/2023,161.93,9,39,Sports,Laptop,Electronics,Female,81,1457.3700000000001,"At Risk"
ORD6419,CUST2419,33,PROD1619,Pakistan,5/22/2021,8/17/2025,3,active,12/25/2024,229.55,8,21,Electronics,Jacket,Clothing,Male,-341,1836.4,Active
ORD6420,CUST2420,66,PROD1620,USA,4/24/2023,4/25/2024,1,cancelled,9/18/2024,298.18,1,13,Home,Jeans,Clothing,Female,138,298.18,Churned
ORD6421,CUST2421,56,PROD1621,India,1/16/2022,11/12/2024,1,cancelled,3/7/2022,1299.21,1,8,Beauty,Foundation,Beauty,Female,-63,1299.21,Active
ORD6422,CUST2422,28,PROD1622,India,2/25/2021,7/5/2022,0,active,5/14/2021,172.69,7,19,Home,Hoodie,Clothing,Female,798,1208.83,Churned
ORD6423,CUST2423,56,PROD1623,UK,2/16/2023,2/3/2024,3,active,9/1/2024,479.12,3,35,Electronics,"Cycling Helmet",Sports,Female,220,1437.3600000000001,Churned
ORD6424,CUST2424,53,PROD1624,UK,6/29/2022,10/21/2023,2,active,11/16/2024,140.61,8,2,Sports,Smartwatch,Electronics,Female,325,1124.88,Churned
ORD6425,CUST2425,49,PROD1625,UK,5/3/2021,5/21/2022,0,paused,12/25/2024,208.33,7,30,Home,Lipstick,Beauty,Male,843,1458.3100000000002,Churned
ORD6426,CUST2426,23,PROD1626,Germany,6/21/2021,5/26/2024,1,active,7/11/2021,100.62,9,13,Beauty,"Cricket Bat",Sports,Female,107,905.58,Churned
ORD6427,CUST2427,21,PROD1627,Germany,3/2/2022,4/13/2023,0,cancelled,12/21/2022,6.64,8,15,Beauty,Football,Sports,Male,516,53.12,Churned
ORD6428,CUST2428,48,PROD1628,Germany,5/8/2023,1/8/2024,4,paused,7/11/2023,131.34,8,31,Home,Camera,Electronics,Female,246,1050.72,Churned
ORD6429,CUST2429,36,PROD1629,Germany,1/20/2023,9/4/2024,5,active,9/28/2023,1092.39,1,45,Electronics,Camera,Electronics,Male,6,1092.39,Active
ORD6430,CUST2430,50,PROD1630,UK,12/19/2021,11/5/2023,2,cancelled,4/20/2023,409.65,4,41,Home,Dumbbells,Sports,Female,310,1638.6,Churned
ORD6431,CUST2431,25,PROD1631,USA,5/26/2022,11/17/2023,4,cancelled,10/27/2024,155.73,4,4,Clothing,Lamp,Home,Male,298,622.92,Churned
ORD6432,CUST2432,47,PROD1632,UK,10/14/2020,11/23/2024,3,paused,1/13/2022,226.08,8,5,Beauty,"Cricket Bat",Sports,Female,-74,1808.64,Active
ORD6433,CUST2433,31,PROD1633,Germany,12/22/2021,5/5/2024,0,active,9/23/2023,1695,1,32,Home,Laptop,Electronics,Female,128,1695,Churned
ORD6434,CUST2434,54,PROD1634,Germany,5/20/2022,9/17/2023,0,active,6/18/2024,100.53,7,10,Sports,Dress,Clothing,Male,359,703.71,Churned
ORD6435,CUST2435,68,PROD1635,Canada,9/12/2022,11/6/2024,2,cancelled,4/16/2025,751.06,2,37,Clothing,Microwave,Home,Female,-57,1502.12,Active
ORD6436,CUST2436,36,PROD1636,Canada,6/18/2021,2/20/2024,1,paused,2/1/2024,454.17,2,34,Clothing,"Vacuum Cleaner",Home,Female,203,908.34,Churned
ORD6437,CUST2437,51,PROD1637,Germany,2/13/2023,9/16/2023,0,active,5/4/2025,299.3,4,15,Beauty,Headphones,Electronics,Male,360,1197.2,Churned
ORD6438,CUST2438,64,PROD1638,USA,10/6/2021,7/26/2024,1,active,4/10/2022,234.74,1,36,Home,Perfume,Beauty,Female,46,234.74,Active
ORD6439,CUST2439,63,PROD1639,USA,6/25/2021,3/2/2023,2,cancelled,5/14/2024,221.69,6,11,Clothing,Sofa,Home,Female,558,1330.1399999999999,Churned
ORD6440,CUST2440,66,PROD1640,UK,12/13/2021,3/11/2022,4,paused,2/2/2022,744.56,2,37,Electronics,Sofa,Home,Male,914,1489.12,Churned
ORD6441,CUST2441,26,PROD1641,UK,9/30/2021,12/4/2021,3,active,12/5/2021,400.07,3,24,Beauty,T-Shirt,Clothing,Male,1011,1200.21,Churned
ORD6442,CUST2442,21,PROD1642,USA,12/26/2021,12/3/2024,5,cancelled,6/4/2022,390.99,3,34,Sports,Tablet,Electronics,Male,-84,1172.97,Active
ORD6443,CUST2443,64,PROD1643,India,7/7/2021,2/2/2022,2,cancelled,8/25/2024,111.28,4,8,Sports,Lipstick,Beauty,Male,951,445.12,Churned
ORD6444,CUST2444,45,PROD1644,India,10/21/2022,2/25/2024,3,active,7/4/2025,260.36,7,49,Beauty,Hoodie,Clothing,Female,198,1822.52,Churned
ORD6445,CUST2445,26,PROD1645,India,4/24/2022,6/19/2024,5,paused,6/23/2024,228.34,6,15,Home,"Face Wash",Beauty,Female,83,1370.04,"At Risk"
ORD6446,CUST2446,31,PROD1646,UK,2/14/2021,3/22/2024,2,active,1/5/2022,149.01,8,45,Beauty,Sofa,Home,Female,172,1192.08,Churned
ORD6447,CUST2447,67,PROD1647,UK,6/24/2022,12/12/2022,1,active,12/23/2024,602.62,2,6,Home,Shampoo,Beauty,Female,638,1205.24,Churned
ORD6448,CUST2448,52,PROD1648,USA,3/27/2023,5/5/2025,5,active,7/14/2023,323.71,5,22,Clothing,Foundation,Beauty,Male,-237,1618.55,Active
ORD6449,CUST2449,58,PROD1649,India,2/28/2022,1/20/2025,1,active,9/21/2023,204.33,9,44,Beauty,Sneakers,Clothing,Male,-132,1838.97,Active
ORD6450,CUST2450,42,PROD1650,Pakistan,7/11/2023,7/4/2025,1,active,11/1/2024,271.08,6,14,Clothing,Laptop,Electronics,Male,-297,1626.48,Active
ORD6451,CUST2451,52,PROD1651,Canada,12/15/2022,10/5/2024,5,active,9/10/2024,153.01,8,48,Beauty,Football,Sports,Female,-25,1224.08,Active
ORD6452,CUST2452,65,PROD1652,Pakistan,9/29/2020,4/28/2021,1,cancelled,4/22/2025,230.35,8,32,Beauty,Dumbbells,Sports,Female,1231,1842.8,Churned
ORD6453,CUST2453,60,PROD1653,UK,3/5/2023,1/24/2024,1,cancelled,3/17/2024,67.11,9,17,Electronics,"Tennis Racket",Sports,Female,230,603.99,Churned
ORD6454,CUST2454,23,PROD1654,UK,8/22/2020,4/23/2021,1,paused,4/15/2021,17.4,6,27,Home,Laptop,Electronics,Female,1236,104.39999999999999,Churned
ORD6455,CUST2455,48,PROD1655,UK,2/20/2021,9/23/2024,1,active,12/6/2024,697.2,2,16,Home,Smartwatch,Electronics,Male,-13,1394.4,Active
ORD6456,CUST2456,44,PROD1656,Germany,3/11/2021,11/1/2022,5,active,5/13/2025,976.01,2,45,Clothing,"Yoga Mat",Sports,Male,679,1952.02,Churned
ORD6457,CUST2457,35,PROD1657,UK,6/8/2023,4/21/2024,1,active,6/20/2023,240.13,7,15,Beauty,Lipstick,Beauty,Male,142,1680.9099999999999,Churned
ORD6458,CUST2458,43,PROD1658,USA,12/9/2022,4/11/2023,5,cancelled,9/27/2024,81.84,7,19,Electronics,Dress,Clothing,Male,518,572.88,Churned
ORD6459,CUST2459,66,PROD1659,India,10/12/2020,4/27/2021,2,active,7/27/2025,126.39,7,22,Home,"Running Shoes",Sports,Female,1232,884.73,Churned
ORD6460,CUST2460,42,PROD1660,Germany,2/13/2021,6/6/2023,3,paused,10/26/2021,50.66,4,27,Clothing,Shirt,Clothing,Male,462,202.64,Churned
ORD6461,CUST2461,20,PROD1661,Pakistan,8/20/2020,4/20/2023,4,active,6/20/2025,1034.24,1,18,Electronics,Laptop,Electronics,Female,509,1034.24,Churned
ORD6462,CUST2462,47,PROD1662,Canada,8/5/2021,3/2/2025,4,paused,8/21/2024,43.76,9,24,Electronics,"Dining Table",Home,Female,-173,393.84,Active
ORD6463,CUST2463,68,PROD1663,USA,7/29/2023,12/7/2024,2,active,7/18/2024,85.89,9,27,Electronics,Lipstick,Beauty,Female,-88,773.01,Active
ORD6464,CUST2464,46,PROD1664,Pakistan,12/30/2021,4/12/2024,0,paused,6/2/2023,271.63,5,21,Clothing,Lipstick,Beauty,Male,151,1358.15,Churned
ORD6465,CUST2465,43,PROD1665,Pakistan,10/23/2022,7/19/2023,5,active,1/21/2023,8.14,5,30,Sports,"Nail Polish",Beauty,Male,419,40.7,Churned
ORD6466,CUST2466,33,PROD1666,India,12/12/2020,10/2/2021,1,active,8/4/2021,594.86,2,9,Sports,Hoodie,Clothing,Female,1074,1189.72,Churned
ORD6467,CUST2467,36,PROD1667,Canada,8/23/2020,11/16/2023,2,paused,3/18/2024,170.65,4,36,Beauty,Jeans,Clothing,Male,299,682.6,Churned
ORD6468,CUST2468,23,PROD1668,Pakistan,12/13/2022,9/22/2023,2,active,8/22/2023,358.17,5,8,Sports,Camera,Electronics,Female,354,1790.8500000000001,Churned
ORD6469,CUST2469,36,PROD1669,UK,9/25/2020,5/29/2023,4,active,1/8/2024,623.62,1,4,Electronics,Shampoo,Beauty,Female,470,623.62,Churned
ORD6470,CUST2470,52,PROD1670,Germany,4/7/2023,2/16/2024,0,active,8/15/2024,666.92,1,34,Home,Sofa,Home,Male,207,666.92,Churned
ORD6471,CUST2471,54,PROD1671,India,5/14/2023,8/4/2025,2,active,5/7/2025,240.82,1,17,Beauty,Chair,Home,Female,-328,240.82,Active
ORD6472,CUST2472,21,PROD1672,India,1/18/2022,4/30/2023,5,cancelled,9/25/2022,72.58,7,31,Clothing,"Face Wash",Beauty,Male,499,508.06,Churned
ORD6473,CUST2473,67,PROD1673,USA,12/10/2021,2/18/2025,1,cancelled,10/19/2023,86.11,5,23,Home,"Nail Polish",Beauty,Other,-161,430.55,Active
ORD6474,CUST2474,64,PROD1674,Germany,7/16/2022,10/7/2022,2,active,11/7/2024,28.47,4,9,Clothing,Perfume,Beauty,Male,704,113.88,Churned
ORD6475,CUST2475,50,PROD1675,UK,12/25/2020,11/30/2022,2,active,4/6/2024,501.52,2,24,Sports,Football,Sports,Female,650,1003.04,Churned
ORD6476,CUST2476,42,PROD1676,Canada,11/11/2020,5/7/2024,2,active,7/26/2025,916.46,2,8,Clothing,Laptop,Electronics,Male,126,1832.92,Churned
ORD6477,CUST2477,36,PROD1677,UK,11/18/2021,7/12/2023,1,paused,12/18/2021,339.31,5,43,Home,Skirt,Clothing,Male,426,1696.55,Churned
ORD6478,CUST2478,52,PROD1678,Germany,5/24/2023,6/7/2024,2,active,1/2/2025,589.66,1,25,Clothing,Microwave,Home,Male,95,589.66,Churned
ORD6479,CUST2479,46,PROD1679,USA,11/29/2020,3/19/2021,0,active,4/27/2024,214.73,7,47,Sports,Moisturizer,Beauty,Female,1271,1503.11,Churned
ORD6480,CUST2480,64,PROD1680,India,12/30/2020,8/21/2024,3,cancelled,5/15/2023,913.56,1,46,Beauty,"Cycling Helmet",Sports,Female,20,913.56,Active
ORD6481,CUST2481,41,PROD1681,India,10/7/2021,12/31/2024,0,active,7/31/2022,515.65,2,44,Sports,Foundation,Beauty,Male,-112,1031.3,Active
ORD6482,CUST2482,46,PROD1682,Pakistan,6/9/2023,11/19/2023,3,paused,7/25/2024,67.77,3,8,Clothing,Football,Sports,Female,296,203.31,Churned
ORD6483,CUST2483,37,PROD1683,UK,9/28/2022,7/15/2025,3,cancelled,4/7/2023,485.61,4,11,Sports,Lipstick,Beauty,Female,-308,1942.44,Active
ORD6484,CUST2484,33,PROD1684,UK,2/6/2023,11/21/2024,0,cancelled,5/22/2025,176.45,2,19,Clothing,Perfume,Beauty,Female,-72,352.9,Active
ORD6485,CUST2485,56,PROD1685,Germany,12/3/2021,7/4/2023,0,active,5/30/2023,8.27,6,39,Clothing,Blender,Home,Male,434,49.62,Churned
ORD6486,CUST2486,59,PROD1686,Canada,1/5/2023,2/10/2025,4,active,12/16/2023,407.74,4,49,Clothing,Conditioner,Beauty,Female,-153,1630.96,Active
ORD6487,CUST2487,56,PROD1687,Canada,9/8/2020,5/21/2023,3,active,3/30/2022,348.65,5,24,Electronics,Foundation,Beauty,Male,478,1743.25,Churned
ORD6488,CUST2488,63,PROD1688,India,4/27/2022,12/14/2022,5,cancelled,4/9/2025,123.75,7,11,Clothing,Foundation,Beauty,Female,636,866.25,Churned
ORD6489,CUST2489,29,PROD1689,USA,11/7/2021,4/2/2022,5,active,12/22/2023,187.84,4,45,Home,"Cycling Helmet",Sports,Female,892,751.36,Churned
ORD6490,CUST2490,47,PROD1690,USA,4/8/2021,4/14/2024,2,cancelled,3/15/2025,204.11,4,34,Clothing,Jacket,Clothing,Male,149,816.44,Churned
ORD6491,CUST2491,55,PROD1691,USA,6/24/2021,8/17/2024,2,cancelled,6/10/2022,130.04,8,40,Home,Blender,Home,Male,24,1040.32,Active
ORD6492,CUST2492,68,PROD1692,India,11/29/2022,4/5/2023,3,active,11/28/2023,328.35,4,40,Electronics,"Face Wash",Beauty,Male,524,1313.4,Churned
ORD6493,CUST2493,39,PROD1693,Canada,3/4/2023,9/10/2024,4,paused,6/5/2025,181.01,6,46,Electronics,"Yoga Mat",Sports,Male,0,1086.06,Active
ORD6494,CUST2494,43,PROD1694,UK,6/22/2021,9/15/2022,2,active,10/18/2024,20.16,8,2,Sports,T-Shirt,Clothing,Male,726,161.28,Churned
ORD6495,CUST2495,18,PROD1695,UK,12/26/2021,12/31/2024,4,cancelled,10/18/2024,198.39,7,46,Beauty,Camera,Electronics,Male,-112,1388.73,Active
ORD6496,CUST2496,39,PROD1696,Germany,3/18/2022,3/2/2023,0,cancelled,4/4/2025,193.9,5,6,Home,Football,Sports,Male,558,969.5,Churned
ORD6497,CUST2497,52,PROD1697,India,6/2/2021,7/19/2023,3,cancelled,3/29/2022,413.8,2,18,Clothing,Skirt,Clothing,Female,419,827.6,Churned
ORD6498,CUST2498,42,PROD1698,Germany,1/24/2022,7/26/2024,0,active,3/10/2024,341.64,2,12,Sports,Dress,Clothing,Female,46,683.28,Active
ORD6499,CUST2499,38,PROD1699,India,4/24/2023,6/2/2023,4,active,12/15/2024,388.6,3,26,Home,Foundation,Beauty,Male,466,1165.8000000000002,Churned
ORD6500,CUST2500,35,PROD1700,India,7/5/2021,3/7/2023,2,active,3/28/2025,187.87,5,42,Home,Laptop,Electronics,Male,553,939.35,Churned
ORD6501,CUST2501,66,PROD1701,India,4/12/2021,3/23/2023,2,cancelled,9/30/2021,618.99,3,3,Home,Microwave,Home,Male,537,1856.97,Churned
ORD6502,CUST2502,28,PROD1702,Germany,2/28/2021,3/12/2022,4,active,5/1/2025,1155.2,1,29,Home,"Face Wash",Beauty,Female,913,1155.2,Churned
ORD6503,CUST2503,40,PROD1703,Germany,1/16/2022,11/30/2024,4,active,5/17/2022,82.63,9,48,Clothing,Lamp,Home,Male,-81,743.67,Active
ORD6504,CUST2504,49,PROD1704,USA,7/5/2023,2/7/2024,5,paused,11/5/2023,262.1,4,37,Sports,Sofa,Home,Male,216,1048.4,Churned
ORD6505,CUST2505,55,PROD1705,Pakistan,2/16/2021,10/2/2022,3,active,3/4/2025,738.66,2,37,Sports,Tablet,Electronics,Male,709,1477.32,Churned
ORD6506,CUST2506,25,PROD1706,USA,10/14/2022,3/5/2024,1,active,5/28/2023,2.91,8,48,Beauty,Sofa,Home,Female,189,23.28,Churned
ORD6507,CUST2507,26,PROD1707,Canada,1/6/2023,11/30/2023,3,active,7/14/2025,486.08,4,26,Beauty,Basketball,Sports,Male,285,1944.32,Churned
ORD6508,CUST2508,64,PROD1708,Pakistan,2/8/2022,4/22/2025,0,cancelled,8/25/2023,62.6,6,3,Beauty,"Dining Table",Home,Male,-224,375.6,Active
ORD6509,CUST2509,34,PROD1709,India,1/24/2022,10/30/2022,3,paused,3/5/2022,522.52,1,11,Sports,Tablet,Electronics,Male,681,522.52,Churned
ORD6510,CUST2510,46,PROD1710,UK,5/18/2022,8/6/2023,5,active,11/9/2022,30.67,5,38,Clothing,Basketball,Sports,Male,401,153.35000000000002,Churned
ORD6511,CUST2511,32,PROD1711,Canada,8/12/2021,4/26/2022,5,cancelled,7/25/2024,224.96,8,15,Home,Jacket,Clothing,Female,868,1799.68,Churned
ORD6512,CUST2512,20,PROD1712,UK,6/10/2022,2/15/2023,2,cancelled,8/18/2025,2.85,9,34,Clothing,"Cycling Helmet",Sports,Male,573,25.650000000000002,Churned
ORD6513,CUST2513,29,PROD1713,UK,1/12/2021,11/4/2023,4,active,2/9/2023,571.46,2,14,Electronics,Headphones,Electronics,Female,311,1142.92,Churned
ORD6514,CUST2514,35,PROD1714,India,3/24/2021,12/26/2024,3,active,9/24/2021,558.66,2,35,Sports,Tablet,Electronics,Female,-107,1117.32,Active
ORD6515,CUST2515,20,PROD1715,Pakistan,3/30/2023,4/9/2025,1,cancelled,12/3/2023,34.92,5,7,Electronics,Blender,Home,Male,-211,174.60000000000002,Active
ORD6516,CUST2516,30,PROD1716,Pakistan,10/8/2021,4/29/2022,1,active,7/8/2022,316.57,6,18,Home,"Vacuum Cleaner",Home,Male,865,1899.42,Churned
ORD6517,CUST2517,28,PROD1717,USA,1/29/2022,6/18/2025,2,active,10/18/2024,243.66,5,37,Clothing,Lamp,Home,Female,-281,1218.3,Active
ORD6518,CUST2518,55,PROD1718,Canada,10/9/2021,7/29/2022,5,active,4/10/2025,158.84,9,9,Clothing,Sneakers,Clothing,Female,774,1429.56,Churned
ORD6519,CUST2519,64,PROD1719,Germany,10/11/2020,4/3/2025,0,cancelled,2/25/2022,30.74,7,27,Beauty,Shirt,Clothing,Male,-205,215.17999999999998,Active
ORD6520,CUST2520,57,PROD1720,UK,10/17/2022,3/23/2024,3,cancelled,9/22/2023,793.8,2,37,Clothing,"Bluetooth Speaker",Electronics,Female,171,1587.6,Churned
ORD6521,CUST2521,20,PROD1721,Germany,11/28/2022,10/14/2023,1,active,9/13/2023,292.99,6,8,Sports,Conditioner,Beauty,Male,332,1757.94,Churned
ORD6522,CUST2522,62,PROD1722,India,3/28/2021,11/29/2022,4,cancelled,8/30/2021,341.04,2,5,Beauty,Moisturizer,Beauty,Female,651,682.08,Churned
ORD6523,CUST2523,58,PROD1723,Germany,12/17/2020,3/21/2024,0,paused,3/5/2023,205.75,7,5,Clothing,"Gaming Console",Electronics,Male,173,1440.25,Churned
ORD6524,CUST2524,19,PROD1724,UK,7/31/2021,4/29/2024,5,active,7/21/2023,126.42,7,45,Clothing,"Gaming Console",Electronics,Female,134,884.94,Churned
ORD6525,CUST2525,18,PROD1725,Canada,6/3/2023,3/22/2025,5,active,9/14/2023,205.06,6,40,Sports,"Nail Polish",Beauty,Female,-193,1230.3600000000001,Active
ORD6526,CUST2526,18,PROD1726,Canada,10/4/2020,5/5/2025,4,active,1/5/2025,87.18,2,14,Home,Microwave,Home,Male,-237,174.36,Active
ORD6527,CUST2527,37,PROD1727,USA,10/3/2022,5/21/2024,5,active,11/24/2024,40.23,7,40,Home,"Bluetooth Speaker",Electronics,Male,112,281.60999999999996,Churned
ORD6528,CUST2528,21,PROD1728,USA,2/23/2023,12/1/2023,4,cancelled,5/1/2024,375.8,5,12,Clothing,Sneakers,Clothing,Male,284,1879,Churned
ORD6529,CUST2529,20,PROD1729,USA,6/28/2022,3/10/2024,2,cancelled,2/3/2023,277.5,5,42,Clothing,"Nail Polish",Beauty,Male,184,1387.5,Churned
ORD6530,CUST2530,65,PROD1730,India,9/15/2022,10/24/2023,5,active,11/11/2022,122.48,8,39,Sports,Sofa,Home,Other,322,979.84,Churned
ORD6531,CUST2531,47,PROD1731,Canada,11/11/2021,9/27/2023,3,active,6/20/2023,114.92,4,4,Beauty,Jeans,Clothing,Male,349,459.68,Churned
ORD6532,CUST2532,53,PROD1732,USA,6/20/2022,7/10/2024,5,active,5/17/2025,292.53,1,4,Sports,"Vacuum Cleaner",Home,Male,62,292.53,"At Risk"
ORD6533,CUST2533,66,PROD1733,Pakistan,3/4/2023,5/2/2025,1,active,8/8/2024,239.23,3,11,Beauty,Smartwatch,Electronics,Male,-234,717.6899999999999,Active
ORD6534,CUST2534,35,PROD1734,UK,2/4/2021,12/28/2022,3,cancelled,3/11/2022,120.66,3,10,Electronics,Foundation,Beauty,Male,622,361.98,Churned
ORD6535,CUST2535,41,PROD1735,Pakistan,2/25/2023,8/17/2024,2,cancelled,8/17/2024,129,9,30,Sports,"Yoga Mat",Sports,Female,24,1161,Active
ORD6536,CUST2536,41,PROD1736,Germany,3/28/2023,9/2/2024,2,active,7/7/2025,184.41,9,41,Sports,"Tennis Racket",Sports,Male,8,1659.69,Active
ORD6537,CUST2537,43,PROD1737,Canada,4/15/2023,12/31/2023,2,active,4/12/2025,90.24,6,16,Home,Skirt,Clothing,Female,254,541.4399999999999,Churned
ORD6538,CUST2538,58,PROD1738,Pakistan,10/29/2022,4/3/2023,2,cancelled,9/15/2023,135.02,4,38,Beauty,Jacket,Clothing,Male,526,540.08,Churned
ORD6539,CUST2539,59,PROD1739,Canada,3/28/2022,9/14/2023,4,active,9/21/2024,73.1,6,32,Sports,Tablet,Electronics,Female,362,438.59999999999997,Churned
ORD6540,CUST2540,30,PROD1740,Canada,9/27/2020,1/24/2021,3,paused,10/16/2023,314.7,2,4,Beauty,"Bluetooth Speaker",Electronics,Male,1325,629.4,Churned
ORD6541,CUST2541,54,PROD1741,Canada,4/15/2023,1/2/2024,4,active,3/27/2025,195.83,3,17,Beauty,Moisturizer,Beauty,Female,252,587.49,Churned
ORD6542,CUST2542,40,PROD1742,Canada,12/30/2021,10/22/2024,4,cancelled,1/7/2025,226.27,8,15,Home,Skirt,Clothing,Male,-42,1810.16,Active
ORD6543,CUST2543,49,PROD1743,Germany,11/4/2020,7/30/2021,4,active,6/25/2023,486.7,3,5,Clothing,Sneakers,Clothing,Female,1138,1460.1,Churned
ORD6544,CUST2544,36,PROD1744,USA,5/12/2023,5/16/2024,1,cancelled,6/19/2025,588.03,3,3,Home,Lipstick,Beauty,Female,117,1764.09,Churned
ORD6545,CUST2545,34,PROD1745,Germany,5/21/2023,2/14/2024,3,cancelled,10/31/2023,841.79,2,41,Clothing,Hoodie,Clothing,Female,209,1683.58,Churned
ORD6546,CUST2546,18,PROD1746,India,3/17/2023,7/29/2024,1,paused,9/19/2024,151.42,1,45,Sports,Lamp,Home,Female,43,151.42,Active
ORD6547,CUST2547,65,PROD1747,Germany,12/29/2020,5/18/2021,2,active,8/27/2022,263.28,4,25,Home,Skirt,Clothing,Female,1211,1053.12,Churned
ORD6548,CUST2548,20,PROD1748,Canada,6/19/2022,1/24/2025,2,cancelled,8/2/2024,129.67,8,20,Home,"Nail Polish",Beauty,Female,-136,1037.36,Active
ORD6549,CUST2549,30,PROD1749,UK,6/20/2022,11/6/2024,2,active,10/31/2023,1735.82,1,42,Sports,Hoodie,Clothing,Female,-57,1735.82,Active
ORD6550,CUST2550,68,PROD1750,UK,10/14/2021,6/26/2023,2,active,1/19/2025,89.49,4,48,Clothing,"Vacuum Cleaner",Home,Female,442,357.96,Churned
ORD6551,CUST2551,40,PROD1751,Canada,9/9/2022,11/28/2023,0,cancelled,6/14/2025,84.45,8,31,Beauty,Chair,Home,Male,287,675.6,Churned
ORD6552,CUST2552,65,PROD1752,Pakistan,3/1/2021,11/12/2021,0,active,1/17/2022,101.16,7,21,Beauty,Shampoo,Beauty,Male,1033,708.12,Churned
ORD6553,CUST2553,54,PROD1753,Germany,1/23/2022,4/28/2024,3,active,3/3/2022,274.23,4,22,Beauty,Perfume,Beauty,Female,135,1096.92,Churned
ORD6554,CUST2554,63,PROD1754,India,3/15/2022,2/8/2024,2,paused,5/29/2025,62.25,9,45,Beauty,"Tennis Racket",Sports,Male,215,560.25,Churned
ORD6555,CUST2555,45,PROD1755,USA,2/10/2023,8/6/2024,5,cancelled,10/25/2024,323.67,5,12,Clothing,Chair,Home,Female,35,1618.3500000000001,Active
ORD6556,CUST2556,65,PROD1756,Canada,9/6/2021,3/21/2024,4,active,7/3/2025,960.43,1,44,Clothing,Refrigerator,Home,Male,173,960.43,Churned
ORD6557,CUST2557,29,PROD1757,Canada,2/21/2022,11/25/2022,3,active,5/18/2024,16.74,4,3,Electronics,Dumbbells,Sports,Female,655,66.96,Churned
ORD6558,CUST2558,30,PROD1758,USA,11/6/2021,9/15/2023,2,active,12/9/2022,202.24,6,10,Electronics,"Nail Polish",Beauty,Male,361,1213.44,Churned
ORD6559,CUST2559,57,PROD1759,Germany,10/26/2022,8/9/2025,5,active,8/17/2025,143.16,8,12,Electronics,"Nail Polish",Beauty,Female,-333,1145.28,Active
ORD6560,CUST2560,39,PROD1760,Germany,5/12/2023,4/13/2024,2,active,10/4/2023,1785.86,1,37,Clothing,Dumbbells,Sports,Female,150,1785.86,Churned
ORD6561,CUST2561,65,PROD1761,India,9/8/2021,7/3/2025,1,paused,4/22/2022,328.43,5,26,Beauty,Jacket,Clothing,Female,-296,1642.15,Active
ORD6562,CUST2562,48,PROD1762,India,1/2/2021,4/9/2023,4,active,3/7/2021,298.07,3,7,Clothing,Skirt,Clothing,Male,520,894.21,Churned
ORD6563,CUST2563,41,PROD1763,Pakistan,2/20/2022,9/14/2022,2,cancelled,1/22/2025,506.96,1,28,Sports,T-Shirt,Clothing,Female,727,506.96,Churned
ORD6564,CUST2564,43,PROD1764,Pakistan,5/24/2021,7/20/2025,1,active,10/17/2022,234.68,4,43,Electronics,T-Shirt,Clothing,Male,-313,938.72,Active
ORD6565,CUST2565,19,PROD1765,Canada,1/16/2022,4/9/2023,5,active,2/15/2025,346.97,3,33,Home,Basketball,Sports,Other,520,1040.91,Churned
ORD6566,CUST2566,42,PROD1766,India,8/8/2022,11/20/2022,0,cancelled,11/15/2022,347.84,5,5,Electronics,Smartwatch,Electronics,Male,660,1739.1999999999998,Churned
ORD6567,CUST2567,35,PROD1767,India,1/27/2021,9/7/2021,1,cancelled,8/13/2024,121.64,8,38,Home,Chair,Home,Male,1099,973.12,Churned
ORD6568,CUST2568,38,PROD1768,India,3/6/2021,7/26/2023,5,active,12/17/2021,323.96,6,5,Sports,Jeans,Clothing,Female,412,1943.7599999999998,Churned
ORD6569,CUST2569,28,PROD1769,India,7/26/2022,10/11/2022,5,active,10/31/2022,171.03,9,17,Home,"Cycling Helmet",Sports,Female,700,1539.27,Churned
ORD6570,CUST2570,65,PROD1770,India,1/17/2022,3/12/2024,2,paused,11/28/2022,46.66,2,8,Beauty,"Nail Polish",Beauty,Male,182,93.32,Churned
ORD6571,CUST2571,49,PROD1771,Germany,1/27/2021,5/10/2023,2,paused,6/16/2025,87.07,8,38,Beauty,Smartwatch,Electronics,Female,489,696.56,Churned
ORD6572,CUST2572,45,PROD1772,Germany,4/14/2022,10/6/2022,1,active,3/6/2025,169.39,7,5,Sports,Smartphone,Electronics,Female,705,1185.73,Churned
ORD6573,CUST2573,42,PROD1773,Pakistan,9/23/2022,1/1/2023,0,paused,11/26/2022,206.04,7,29,Electronics,Football,Sports,Female,618,1442.28,Churned
ORD6574,CUST2574,64,PROD1774,Pakistan,12/30/2021,2/12/2023,1,active,7/5/2022,131.98,9,26,Clothing,Sneakers,Clothing,Male,576,1187.82,Churned
ORD6575,CUST2575,41,PROD1775,Canada,4/23/2022,12/27/2024,3,active,6/5/2024,22.25,2,12,Beauty,Tablet,Electronics,Male,-108,44.5,Active
ORD6576,CUST2576,49,PROD1776,Canada,10/9/2020,5/18/2025,3,cancelled,6/15/2021,124.98,6,18,Home,Jeans,Clothing,Female,-250,749.88,Active
ORD6577,CUST2577,61,PROD1777,Canada,4/18/2022,1/4/2024,2,active,5/24/2025,265.51,5,16,Clothing,"Vacuum Cleaner",Home,Male,250,1327.55,Churned
ORD6578,CUST2578,54,PROD1778,Germany,9/10/2020,3/31/2021,1,paused,6/10/2024,219.54,9,19,Beauty,Jacket,Clothing,Male,1259,1975.86,Churned
ORD6579,CUST2579,61,PROD1779,Pakistan,3/19/2021,8/4/2023,4,active,3/27/2021,255.15,5,41,Electronics,Laptop,Electronics,Male,403,1275.75,Churned
ORD6580,CUST2580,27,PROD1780,Pakistan,10/10/2020,5/26/2021,0,active,2/1/2021,264.99,7,3,Clothing,"Nail Polish",Beauty,Female,1203,1854.93,Churned
ORD6581,CUST2581,57,PROD1781,Germany,3/2/2021,5/5/2022,0,cancelled,4/26/2021,253.66,6,38,Home,Skirt,Clothing,Female,859,1521.96,Churned
ORD6582,CUST2582,59,PROD1782,UK,9/10/2020,9/23/2024,0,active,6/21/2021,215.04,3,14,Electronics,Shirt,Clothing,Female,-13,645.12,Active
ORD6583,CUST2583,61,PROD1783,Canada,1/23/2023,7/11/2024,5,cancelled,5/22/2025,1226.37,1,11,Sports,Laptop,Electronics,Male,61,1226.37,"At Risk"
ORD6584,CUST2584,55,PROD1784,Pakistan,12/27/2020,3/17/2024,1,active,11/19/2024,31.81,5,40,Clothing,Sneakers,Clothing,Female,177,159.04999999999998,Churned
ORD6585,CUST2585,24,PROD1785,Germany,12/27/2021,11/3/2024,4,active,12/14/2022,966.86,1,44,Clothing,Skirt,Clothing,Male,-54,966.86,Active
ORD6586,CUST2586,58,PROD1786,USA,7/5/2021,5/1/2025,5,active,3/26/2024,196.24,6,31,Sports,Smartphone,Electronics,Male,-233,1177.44,Active
ORD6587,CUST2587,24,PROD1787,Germany,6/2/2023,11/13/2023,0,active,5/21/2025,279.32,7,23,Electronics,Sneakers,Clothing,Female,302,1955.24,Churned
ORD6588,CUST2588,65,PROD1788,Pakistan,12/4/2022,8/8/2024,5,paused,7/9/2024,125.73,8,17,Clothing,Blender,Home,Male,33,1005.84,Active
ORD6589,CUST2589,41,PROD1789,Pakistan,7/24/2023,3/7/2024,4,active,9/2/2024,480.9,3,12,Home,Smartwatch,Electronics,Male,187,1442.6999999999998,Churned
ORD6590,CUST2590,59,PROD1790,Canada,6/14/2021,12/23/2024,5,active,12/9/2022,359.75,5,25,Clothing,Shirt,Clothing,Male,-104,1798.75,Active
ORD6591,CUST2591,63,PROD1791,Germany,6/8/2023,3/21/2025,2,active,2/22/2024,159.41,7,32,Home,Sneakers,Clothing,Other,-192,1115.87,Active
ORD6592,CUST2592,26,PROD1792,India,6/30/2021,3/13/2022,0,cancelled,6/20/2024,623.01,2,8,Beauty,Chair,Home,Other,912,1246.02,Churned
ORD6593,CUST2593,34,PROD1793,UK,1/4/2022,2/9/2022,1,paused,9/28/2023,171.77,4,43,Clothing,Shirt,Clothing,Female,944,687.08,Churned
ORD6594,CUST2594,53,PROD1794,Germany,9/25/2022,5/10/2024,5,active,6/29/2025,140.03,3,25,Sports,Dress,Clothing,Female,123,420.09000000000003,Churned
ORD6595,CUST2595,42,PROD1795,Germany,1/18/2022,10/17/2024,4,active,2/19/2022,222.75,5,35,Sports,Sneakers,Clothing,Male,-37,1113.75,Active
ORD6596,CUST2596,58,PROD1796,Canada,11/22/2020,12/20/2022,2,paused,3/25/2025,867.89,2,12,Home,"Bluetooth Speaker",Electronics,Male,630,1735.78,Churned
ORD6597,CUST2597,61,PROD1797,UK,7/20/2021,12/10/2023,5,paused,5/18/2022,426.44,2,10,Beauty,Skirt,Clothing,Female,275,852.88,Churned
ORD6598,CUST2598,47,PROD1798,USA,8/13/2022,8/13/2022,2,active,8/18/2024,274.02,5,22,Sports,Refrigerator,Home,Female,759,1370.1,Churned
ORD6599,CUST2599,33,PROD1799,Germany,1/13/2023,5/18/2025,4,active,6/29/2025,222.6,6,12,Clothing,Perfume,Beauty,Male,-250,1335.6,Active
ORD6600,CUST2600,44,PROD1800,Pakistan,7/25/2022,6/17/2023,2,active,1/2/2023,177.18,9,30,Electronics,Tablet,Electronics,Female,451,1594.6200000000001,Churned
ORD6601,CUST2601,58,PROD1801,UK,6/23/2022,2/23/2023,3,cancelled,8/31/2024,506.88,2,47,Clothing,Camera,Electronics,Female,565,1013.76,Churned
ORD6602,CUST2602,59,PROD1802,India,11/2/2020,6/4/2021,2,cancelled,11/4/2020,142.16,8,1,Clothing,Laptop,Electronics,Female,1194,1137.28,Churned
ORD6603,CUST2603,50,PROD1803,India,7/7/2023,7/15/2025,4,active,12/28/2023,186.9,6,29,Clothing,"Vacuum Cleaner",Home,Female,-308,1121.4,Active
ORD6604,CUST2604,20,PROD1804,Germany,10/16/2021,3/18/2023,4,active,9/26/2022,46.03,8,24,Clothing,"Tennis Racket",Sports,Female,542,368.24,Churned
ORD6605,CUST2605,60,PROD1805,Germany,8/18/2023,4/15/2024,5,active,7/1/2024,119.98,7,14,Home,Hoodie,Clothing,Male,148,839.86,Churned
ORD6606,CUST2606,43,PROD1806,UK,11/20/2021,9/6/2023,0,active,1/2/2022,428.32,1,38,Electronics,"Gaming Console",Electronics,Female,370,428.32,Churned
ORD6607,CUST2607,62,PROD1807,India,6/1/2023,11/11/2023,4,active,1/14/2024,434.76,4,30,Clothing,Camera,Electronics,Male,304,1739.04,Churned
ORD6608,CUST2608,64,PROD1808,UK,5/25/2022,3/2/2023,1,active,12/12/2024,823.43,1,16,Electronics,Smartwatch,Electronics,Female,558,823.43,Churned
ORD6609,CUST2609,35,PROD1809,USA,4/20/2022,8/27/2022,4,active,4/24/2024,457.86,4,11,Electronics,Refrigerator,Home,Female,745,1831.44,Churned
ORD6610,CUST2610,18,PROD1810,USA,12/12/2022,2/26/2023,0,paused,3/29/2024,101.26,7,2,Clothing,"Dining Table",Home,Female,562,708.82,Churned
ORD6611,CUST2611,55,PROD1811,Pakistan,4/19/2021,4/30/2025,4,paused,4/17/2022,96.22,6,20,Beauty,Headphones,Electronics,Male,-232,577.3199999999999,Active
ORD6612,CUST2612,54,PROD1812,Germany,5/13/2023,9/4/2024,1,cancelled,6/4/2023,231.8,5,16,Clothing,Football,Sports,Female,6,1159,Active
ORD6613,CUST2613,46,PROD1813,Canada,7/15/2023,7/26/2024,0,active,4/20/2024,322.05,5,24,Clothing,Laptop,Electronics,Female,46,1610.25,Active
ORD6614,CUST2614,60,PROD1814,Canada,4/18/2021,6/26/2021,1,cancelled,2/19/2023,69.27,6,43,Sports,Sneakers,Clothing,Male,1172,415.62,Churned
ORD6615,CUST2615,65,PROD1815,Germany,10/28/2021,3/18/2025,4,active,12/10/2021,1699.62,1,17,Clothing,Hoodie,Clothing,Male,-189,1699.62,Active
ORD6616,CUST2616,32,PROD1816,India,7/25/2023,12/3/2024,0,active,10/24/2024,260.12,7,44,Beauty,"Cricket Bat",Sports,Male,-84,1820.8400000000001,Active
ORD6617,CUST2617,50,PROD1817,Canada,11/1/2022,3/16/2023,0,active,9/1/2023,161.93,8,43,Beauty,"Cricket Bat",Sports,Female,544,1295.44,Churned
ORD6618,CUST2618,45,PROD1818,UK,10/5/2022,8/3/2024,1,active,10/20/2024,191.99,7,3,Electronics,Lamp,Home,Female,38,1343.93,Active
ORD6619,CUST2619,22,PROD1819,Germany,3/26/2021,9/18/2024,2,cancelled,2/28/2022,91.6,9,37,Home,Shirt,Clothing,Male,-8,824.4,Active
ORD6620,CUST2620,65,PROD1820,India,5/4/2021,9/5/2022,0,active,4/8/2022,109.84,8,12,Home,Chair,Home,Male,736,878.72,Churned
ORD6621,CUST2621,57,PROD1821,USA,8/19/2023,1/6/2025,2,paused,5/31/2024,502.39,2,34,Clothing,Laptop,Electronics,Male,-118,1004.78,Active
ORD6622,CUST2622,66,PROD1822,Pakistan,12/10/2021,1/28/2024,3,active,12/19/2023,201.65,9,21,Beauty,T-Shirt,Clothing,Male,226,1814.8500000000001,Churned
ORD6623,CUST2623,24,PROD1823,India,8/6/2022,7/18/2024,4,active,8/14/2025,418.77,4,32,Home,Skirt,Clothing,Female,54,1675.08,Active
ORD6624,CUST2624,46,PROD1824,Germany,5/4/2021,8/29/2023,4,cancelled,5/5/2023,642.34,2,42,Beauty,Shirt,Clothing,Female,378,1284.68,Churned
ORD6625,CUST2625,50,PROD1825,Germany,12/23/2021,1/7/2025,4,paused,7/3/2023,935.56,2,47,Beauty,"Gaming Console",Electronics,Male,-119,1871.12,Active
ORD6626,CUST2626,46,PROD1826,Pakistan,10/15/2021,9/2/2022,2,cancelled,6/2/2024,339.15,4,27,Home,Basketball,Sports,Male,739,1356.6,Churned
ORD6627,CUST2627,23,PROD1827,UK,11/4/2020,6/7/2023,4,active,1/11/2024,375.92,4,26,Electronics,Smartwatch,Electronics,Male,461,1503.68,Churned
ORD6628,CUST2628,64,PROD1828,Canada,4/2/2022,8/1/2022,1,active,10/28/2022,1105.58,1,30,Sports,Foundation,Beauty,Female,771,1105.58,Churned
ORD6629,CUST2629,32,PROD1829,Germany,10/18/2021,6/10/2024,5,active,12/27/2023,95.07,9,45,Electronics,T-Shirt,Clothing,Female,92,855.6299999999999,Churned
ORD6630,CUST2630,36,PROD1830,USA,1/24/2023,12/26/2024,3,cancelled,8/9/2025,166.35,8,43,Beauty,"Cricket Bat",Sports,Male,-107,1330.8,Active
ORD6631,CUST2631,26,PROD1831,Pakistan,5/5/2023,10/2/2024,2,active,2/4/2024,476.29,4,21,Home,Football,Sports,Male,-22,1905.16,Active
ORD6632,CUST2632,67,PROD1832,UK,1/14/2021,12/30/2022,3,paused,9/3/2022,498.96,3,40,Sports,Football,Sports,Male,620,1496.8799999999999,Churned
ORD6633,CUST2633,61,PROD1833,Canada,1/29/2023,5/14/2025,0,paused,7/14/2024,212.7,4,29,Electronics,Moisturizer,Beauty,Male,-246,850.8,Active
ORD6634,CUST2634,22,PROD1834,Canada,6/24/2021,6/20/2024,1,active,12/24/2023,1839.2,1,48,Clothing,Lipstick,Beauty,Female,82,1839.2,"At Risk"
ORD6635,CUST2635,62,PROD1835,UK,3/5/2022,7/9/2025,1,active,10/10/2024,317.92,4,23,Electronics,"Running Shoes",Sports,Male,-302,1271.68,Active
ORD6636,CUST2636,45,PROD1836,Pakistan,3/22/2023,8/17/2023,1,paused,10/31/2024,125.84,9,49,Electronics,Smartwatch,Electronics,Female,390,1132.56,Churned
ORD6637,CUST2637,59,PROD1837,India,5/20/2023,9/16/2023,3,active,7/8/2025,53.62,8,30,Home,"Dining Table",Home,Male,360,428.96,Churned
ORD6638,CUST2638,42,PROD1838,Germany,11/14/2021,11/27/2024,5,active,6/3/2022,223.59,7,4,Sports,"Bluetooth Speaker",Electronics,Male,-78,1565.13,Active
ORD6639,CUST2639,26,PROD1839,USA,6/15/2021,11/10/2022,0,paused,4/14/2025,49.19,3,29,Home,Sofa,Home,Female,670,147.57,Churned
ORD6640,CUST2640,37,PROD1840,India,6/9/2023,4/24/2024,2,active,10/3/2023,211,7,15,Sports,Shampoo,Beauty,Female,139,1477,Churned
ORD6641,CUST2641,36,PROD1841,Germany,8/21/2021,9/23/2022,0,active,1/3/2024,905.81,2,46,Beauty,Headphones,Electronics,Male,718,1811.62,Churned
ORD6642,CUST2642,60,PROD1842,Germany,5/6/2023,6/6/2023,5,active,4/2/2025,97.72,8,2,Clothing,Skirt,Clothing,Female,462,781.76,Churned
ORD6643,CUST2643,34,PROD1843,India,10/9/2021,2/28/2022,1,cancelled,6/10/2025,410.74,3,39,Home,Smartphone,Electronics,Male,925,1232.22,Churned
ORD6644,CUST2644,43,PROD1844,Canada,10/20/2022,7/21/2024,0,active,7/25/2023,91.62,6,9,Sports,Hoodie,Clothing,Female,51,549.72,Active
ORD6645,CUST2645,55,PROD1845,India,8/4/2022,6/11/2024,2,cancelled,5/16/2023,173.84,5,46,Home,Laptop,Electronics,Female,91,869.2,Churned
ORD6646,CUST2646,33,PROD1846,UK,1/28/2021,5/7/2025,5,active,7/22/2021,255.81,6,35,Electronics,"Yoga Mat",Sports,Female,-239,1534.8600000000001,Active
ORD6647,CUST2647,40,PROD1847,Pakistan,7/12/2022,11/16/2023,2,cancelled,4/14/2024,358.63,2,6,Clothing,"Nail Polish",Beauty,Male,299,717.26,Churned
ORD6648,CUST2648,47,PROD1848,Germany,11/12/2022,12/11/2023,2,paused,7/25/2023,12.28,4,35,Clothing,"Yoga Mat",Sports,Female,274,49.12,Churned
ORD6649,CUST2649,54,PROD1849,India,4/30/2021,9/24/2021,4,active,2/8/2025,112.04,8,29,Clothing,Skirt,Clothing,Male,1082,896.32,Churned
ORD6650,CUST2650,36,PROD1850,UK,4/1/2023,10/12/2024,0,paused,8/10/2024,1885.06,1,33,Electronics,Camera,Electronics,Female,-32,1885.06,Active
ORD6651,CUST2651,26,PROD1851,Pakistan,12/17/2020,1/18/2022,3,paused,7/27/2024,714.4,2,30,Electronics,Sofa,Home,Male,966,1428.8,Churned
ORD6652,CUST2652,21,PROD1852,India,6/18/2021,9/1/2022,2,active,2/17/2023,277.69,6,10,Electronics,Sneakers,Clothing,Female,740,1666.1399999999999,Churned
ORD6653,CUST2653,62,PROD1853,Pakistan,10/6/2020,5/9/2023,5,cancelled,2/24/2024,108.33,8,33,Electronics,Laptop,Electronics,Male,490,866.64,Churned
ORD6654,CUST2654,55,PROD1854,Germany,1/1/2021,10/7/2021,5,paused,1/1/2023,1831.4,1,4,Sports,Headphones,Electronics,Female,1069,1831.4,Churned
ORD6655,CUST2655,42,PROD1855,Germany,1/10/2021,5/29/2021,2,cancelled,12/1/2021,524.46,1,12,Beauty,"Nail Polish",Beauty,Female,1200,524.46,Churned
ORD6656,CUST2656,35,PROD1856,Canada,8/28/2022,5/5/2025,5,active,7/5/2024,351.58,3,13,Sports,Shampoo,Beauty,Male,-237,1054.74,Active
ORD6657,CUST2657,69,PROD1857,India,8/20/2020,8/20/2025,5,active,6/17/2022,79.3,9,34,Electronics,Hoodie,Clothing,Other,-344,713.6999999999999,Active
ORD6658,CUST2658,42,PROD1858,UK,2/5/2021,3/19/2025,0,active,10/1/2024,428.49,3,38,Beauty,"Bluetooth Speaker",Electronics,Male,-190,1285.47,Active
ORD6659,CUST2659,34,PROD1859,India,3/2/2021,1/17/2023,2,active,5/14/2025,63.22,5,15,Beauty,Sofa,Home,Male,602,316.1,Churned
ORD6660,CUST2660,39,PROD1860,Germany,4/28/2021,10/2/2022,0,paused,7/4/2025,137.12,8,20,Clothing,Perfume,Beauty,Male,709,1096.96,Churned
ORD6661,CUST2661,21,PROD1861,USA,1/4/2021,12/7/2023,1,active,4/23/2022,209.09,3,16,Clothing,Football,Sports,Male,278,627.27,Churned
ORD6662,CUST2662,55,PROD1862,Germany,7/6/2022,11/25/2024,4,active,11/8/2022,294.64,4,22,Home,Camera,Electronics,Female,-76,1178.56,Active
ORD6663,CUST2663,51,PROD1863,Pakistan,11/26/2022,5/12/2024,5,active,1/19/2024,147.02,5,31,Clothing,Skirt,Clothing,Female,121,735.1,Churned
ORD6664,CUST2664,64,PROD1864,Pakistan,8/6/2021,9/11/2023,5,cancelled,4/26/2024,327.61,6,19,Clothing,"Cycling Helmet",Sports,Male,365,1965.66,Churned
ORD6665,CUST2665,64,PROD1865,USA,10/7/2021,8/5/2024,3,paused,1/17/2023,823.69,2,2,Home,"Bluetooth Speaker",Electronics,Male,36,1647.38,Active
ORD6666,CUST2666,66,PROD1866,USA,7/7/2023,2/25/2024,2,active,7/2/2024,20.04,7,8,Clothing,Skirt,Clothing,Female,198,140.28,Churned
ORD6667,CUST2667,32,PROD1867,Canada,6/10/2023,6/8/2025,4,cancelled,7/7/2023,175.23,9,22,Clothing,Hoodie,Clothing,Female,-271,1577.07,Active
ORD6668,CUST2668,55,PROD1868,Germany,1/1/2021,2/12/2024,5,active,10/23/2022,330.08,5,34,Electronics,Chair,Home,Male,211,1650.3999999999999,Churned
ORD6669,CUST2669,59,PROD1869,USA,4/7/2023,7/2/2023,5,paused,6/21/2025,240.04,2,36,Home,Camera,Electronics,Male,436,480.08,Churned
ORD6670,CUST2670,24,PROD1870,Pakistan,5/14/2021,12/4/2022,0,active,5/18/2024,3.68,9,47,Home,Headphones,Electronics,Female,646,33.120000000000005,Churned
ORD6671,CUST2671,66,PROD1871,Canada,8/28/2020,1/19/2022,3,active,8/10/2023,323.89,2,37,Home,Lipstick,Beauty,Female,965,647.78,Churned
ORD6672,CUST2672,48,PROD1872,Germany,8/13/2023,6/12/2025,4,cancelled,7/18/2025,29.26,9,34,Electronics,"Face Wash",Beauty,Female,-275,263.34000000000003,Active
ORD6673,CUST2673,22,PROD1873,Pakistan,7/6/2022,2/23/2024,3,paused,8/3/2024,119.12,5,2,Clothing,Lipstick,Beauty,Female,200,595.6,Churned
ORD6674,CUST2674,66,PROD1874,UK,11/14/2021,4/23/2023,5,active,3/31/2023,156.26,8,42,Home,Laptop,Electronics,Male,506,1250.08,Churned
ORD6675,CUST2675,28,PROD1875,UK,10/2/2021,10/26/2024,4,paused,7/29/2024,135.47,6,3,Electronics,"Gaming Console",Electronics,Male,-46,812.8199999999999,Active
ORD6676,CUST2676,48,PROD1876,Canada,11/4/2020,2/24/2024,3,active,7/5/2021,814.81,2,25,Beauty,T-Shirt,Clothing,Male,199,1629.62,Churned
ORD6677,CUST2677,35,PROD1877,India,10/15/2020,5/9/2023,0,active,3/24/2024,403.86,2,43,Beauty,Headphones,Electronics,Female,490,807.72,Churned
ORD6678,CUST2678,27,PROD1878,USA,6/11/2021,1/20/2024,0,active,3/25/2023,163.55,6,48,Electronics,Foundation,Beauty,Female,234,981.3000000000001,Churned
ORD6679,CUST2679,24,PROD1879,Germany,10/20/2021,7/24/2023,2,paused,5/12/2024,75.07,5,32,Electronics,T-Shirt,Clothing,Female,414,375.34999999999997,Churned
ORD6680,CUST2680,69,PROD1880,Pakistan,2/12/2022,4/9/2022,0,active,10/16/2023,118.64,8,1,Clothing,Headphones,Electronics,Female,885,949.12,Churned
ORD6681,CUST2681,65,PROD1881,UK,6/1/2021,6/25/2021,4,active,11/10/2021,53.37,7,34,Beauty,Microwave,Home,Female,1173,373.59,Churned
ORD6682,CUST2682,65,PROD1882,UK,3/1/2023,4/5/2024,3,active,12/9/2024,101.28,6,38,Clothing,"Cycling Helmet",Sports,Female,158,607.6800000000001,Churned
ORD6683,CUST2683,55,PROD1883,USA,2/5/2023,4/21/2025,4,active,4/18/2024,86.01,5,48,Home,Laptop,Electronics,Male,-223,430.05,Active
ORD6684,CUST2684,26,PROD1884,India,12/23/2022,11/26/2024,3,active,1/9/2024,306.85,5,11,Home,Microwave,Home,Male,-77,1534.25,Active
ORD6685,CUST2685,20,PROD1885,Canada,10/13/2021,6/18/2025,1,active,5/18/2022,177.19,3,27,Beauty,"Bluetooth Speaker",Electronics,Other,-281,531.5699999999999,Active
ORD6686,CUST2686,51,PROD1886,Pakistan,3/14/2021,8/7/2023,0,cancelled,9/17/2023,1804.28,1,32,Home,Jacket,Clothing,Female,400,1804.28,Churned
ORD6687,CUST2687,35,PROD1887,UK,2/24/2023,3/15/2025,0,paused,5/2/2025,25.63,4,2,Electronics,Sofa,Home,Male,-186,102.52,Active
ORD6688,CUST2688,58,PROD1888,USA,5/23/2021,8/10/2021,2,active,9/20/2024,18.2,6,23,Sports,Jacket,Clothing,Male,1127,109.19999999999999,Churned
ORD6689,CUST2689,50,PROD1889,USA,8/27/2020,3/19/2024,4,active,4/6/2023,200.74,5,38,Sports,Tablet,Electronics,Female,175,1003.7,Churned
ORD6690,CUST2690,42,PROD1890,Canada,3/29/2021,8/20/2025,0,active,4/28/2025,301.07,6,46,Beauty,Lamp,Home,Female,-344,1806.42,Active
ORD6691,CUST2691,21,PROD1891,USA,5/4/2023,6/15/2023,0,active,7/6/2025,383.59,3,33,Beauty,"Yoga Mat",Sports,Male,453,1150.77,Churned
ORD6692,CUST2692,46,PROD1892,UK,2/21/2023,5/22/2024,4,cancelled,7/6/2025,159.88,5,31,Electronics,Perfume,Beauty,Male,111,799.4,Churned
ORD6693,CUST2693,62,PROD1893,UK,1/7/2023,8/19/2024,3,active,11/24/2024,96.74,6,17,Home,Headphones,Electronics,Male,22,580.4399999999999,Active
ORD6694,CUST2694,33,PROD1894,Pakistan,4/18/2021,1/14/2025,1,paused,8/4/2024,147.04,8,12,Sports,"Yoga Mat",Sports,Other,-126,1176.32,Active
ORD6695,CUST2695,59,PROD1895,UK,2/14/2022,12/30/2024,0,active,4/8/2024,67.84,9,12,Electronics,Chair,Home,Male,-111,610.5600000000001,Active
ORD6696,CUST2696,60,PROD1896,UK,5/13/2023,1/16/2024,3,active,4/17/2024,488.97,1,49,Clothing,Laptop,Electronics,Male,238,488.97,Churned
ORD6697,CUST2697,21,PROD1897,Pakistan,6/22/2023,2/27/2024,1,active,1/23/2024,257.6,7,34,Sports,Conditioner,Beauty,Male,196,1803.2000000000003,Churned
ORD6698,CUST2698,62,PROD1898,Pakistan,9/21/2020,7/11/2022,4,paused,7/17/2025,200.49,2,41,Electronics,Smartphone,Electronics,Female,792,400.98,Churned
ORD6699,CUST2699,52,PROD1899,Pakistan,5/16/2023,5/19/2025,3,active,6/22/2023,80.9,9,22,Electronics,Camera,Electronics,Male,-251,728.1,Active
ORD6700,CUST2700,44,PROD1900,Germany,3/26/2023,5/17/2024,3,cancelled,6/1/2024,157.67,9,13,Sports,Tablet,Electronics,Male,116,1419.03,Churned
ORD6701,CUST2701,65,PROD1901,USA,9/26/2020,1/16/2024,5,active,6/20/2024,104.98,8,26,Home,Shirt,Clothing,Female,238,839.84,Churned
ORD6702,CUST2702,50,PROD1902,Pakistan,12/30/2022,7/8/2024,4,active,9/5/2024,62.9,4,13,Clothing,Foundation,Beauty,Female,64,251.6,"At Risk"
ORD6703,CUST2703,30,PROD1903,Canada,12/2/2020,4/22/2025,4,cancelled,7/20/2023,145.29,3,24,Clothing,Chair,Home,Male,-224,435.87,Active
ORD6704,CUST2704,28,PROD1904,India,6/24/2022,10/16/2024,4,cancelled,10/30/2024,858.36,2,44,Home,Camera,Electronics,Female,-36,1716.72,Active
ORD6705,CUST2705,57,PROD1905,Canada,6/29/2021,8/6/2021,1,cancelled,7/23/2024,821.24,2,23,Home,Football,Sports,Male,1131,1642.48,Churned
ORD6706,CUST2706,40,PROD1906,UK,11/8/2021,1/24/2025,3,cancelled,7/14/2022,165.58,8,21,Electronics,Blender,Home,Male,-136,1324.64,Active
ORD6707,CUST2707,39,PROD1907,USA,1/11/2022,6/14/2025,5,active,11/20/2022,93.48,9,39,Clothing,Headphones,Electronics,Female,-277,841.32,Active
ORD6708,CUST2708,33,PROD1908,USA,9/27/2021,10/12/2024,1,cancelled,8/10/2025,227.54,8,10,Sports,Sofa,Home,Female,-32,1820.32,Active
ORD6709,CUST2709,40,PROD1909,USA,3/13/2023,4/20/2025,1,paused,8/20/2023,259.94,6,35,Clothing,Jeans,Clothing,Male,-222,1559.6399999999999,Active
ORD6710,CUST2710,20,PROD1910,India,3/30/2022,2/9/2024,0,active,1/26/2024,232,8,39,Electronics,Shirt,Clothing,Female,214,1856,Churned
ORD6711,CUST2711,47,PROD1911,India,4/2/2022,9/4/2024,5,paused,2/1/2023,184.92,7,34,Home,Tablet,Electronics,Male,6,1294.4399999999998,Active
ORD6712,CUST2712,53,PROD1912,UK,3/6/2023,5/21/2025,2,active,4/2/2024,186.91,6,30,Clothing,Jeans,Clothing,Male,-253,1121.46,Active
ORD6713,CUST2713,66,PROD1913,India,8/4/2021,4/9/2025,4,active,1/11/2024,82.59,9,46,Beauty,Refrigerator,Home,Female,-211,743.3100000000001,Active
ORD6714,CUST2714,27,PROD1914,USA,10/18/2021,3/20/2023,4,active,3/14/2024,31.93,3,36,Home,Sofa,Home,Male,540,95.78999999999999,Churned
ORD6715,CUST2715,48,PROD1915,Pakistan,7/16/2022,5/13/2024,4,paused,12/20/2023,244.96,4,7,Electronics,Chair,Home,Male,120,979.84,Churned
ORD6716,CUST2716,36,PROD1916,India,5/18/2021,10/10/2021,2,cancelled,10/27/2024,79.27,4,48,Clothing,Sofa,Home,Female,1066,317.08,Churned
ORD6717,CUST2717,43,PROD1917,Pakistan,4/1/2023,1/22/2025,4,active,5/12/2023,27.61,9,42,Clothing,Dumbbells,Sports,Male,-134,248.49,Active
ORD6718,CUST2718,18,PROD1918,Canada,1/18/2022,2/13/2022,5,cancelled,1/24/2025,30.43,9,18,Beauty,Camera,Electronics,Male,940,273.87,Churned
ORD6719,CUST2719,40,PROD1919,Pakistan,11/5/2020,3/8/2023,1,cancelled,11/7/2024,870.22,2,35,Beauty,Sneakers,Clothing,Female,552,1740.44,Churned
ORD6720,CUST2720,22,PROD1920,USA,1/10/2023,5/26/2025,3,paused,12/21/2024,175.59,9,41,Home,Jeans,Clothing,Female,-258,1580.31,Active
ORD6721,CUST2721,18,PROD1921,UK,10/9/2020,4/6/2024,2,active,12/25/2023,362.98,4,27,Clothing,"Dining Table",Home,Female,157,1451.92,Churned
ORD6722,CUST2722,25,PROD1922,USA,6/14/2022,1/22/2024,3,cancelled,8/28/2024,473.31,3,2,Electronics,"Face Wash",Beauty,Female,232,1419.93,Churned
ORD6723,CUST2723,18,PROD1923,UK,9/29/2022,9/29/2024,3,active,3/30/2023,156.06,6,9,Electronics,Foundation,Beauty,Female,-19,936.36,Active
ORD6724,CUST2724,42,PROD1924,USA,6/23/2023,9/13/2023,4,active,7/28/2023,14.15,5,31,Home,Dumbbells,Sports,Male,363,70.75,Churned
ORD6725,CUST2725,26,PROD1925,Canada,5/4/2021,6/13/2021,5,cancelled,3/14/2023,164.04,8,13,Home,Shirt,Clothing,Male,1185,1312.32,Churned
ORD6726,CUST2726,53,PROD1926,Canada,1/24/2021,5/30/2021,5,active,4/28/2021,206.77,3,23,Sports,Shampoo,Beauty,Female,1199,620.3100000000001,Churned
ORD6727,CUST2727,49,PROD1927,Germany,4/17/2021,2/14/2023,1,cancelled,7/29/2021,972.15,2,1,Home,Shirt,Clothing,Other,574,1944.3,Churned
ORD6728,CUST2728,43,PROD1928,USA,1/23/2023,5/25/2025,3,active,4/21/2023,33.55,2,36,Clothing,Shirt,Clothing,Female,-257,67.1,Active
ORD6729,CUST2729,18,PROD1929,Pakistan,7/8/2022,3/7/2023,5,active,8/20/2022,227.4,4,18,Home,Conditioner,Beauty,Other,553,909.6,Churned
ORD6730,CUST2730,25,PROD1930,USA,2/22/2021,7/24/2023,2,cancelled,11/10/2022,262.56,4,26,Sports,Laptop,Electronics,Male,414,1050.24,Churned
ORD6731,CUST2731,42,PROD1931,India,8/4/2022,2/3/2023,3,active,10/5/2022,388.38,2,35,Clothing,"Dining Table",Home,Female,585,776.76,Churned
ORD6732,CUST2732,47,PROD1932,Germany,9/9/2022,4/8/2025,3,active,3/13/2024,157.06,9,34,Sports,"Gaming Console",Electronics,Male,-210,1413.54,Active
ORD6733,CUST2733,20,PROD1933,Canada,7/27/2022,6/25/2025,2,active,11/9/2023,171.09,5,36,Electronics,"Tennis Racket",Sports,Female,-288,855.45,Active
ORD6734,CUST2734,41,PROD1934,India,12/12/2022,6/24/2023,1,active,9/24/2024,317.36,5,19,Clothing,Lamp,Home,Female,444,1586.8000000000002,Churned
ORD6735,CUST2735,65,PROD1935,UK,4/19/2022,7/6/2024,0,active,7/8/2022,613.07,3,22,Clothing,"Vacuum Cleaner",Home,Male,66,1839.21,"At Risk"
ORD6736,CUST2736,33,PROD1936,Germany,4/3/2022,8/7/2023,4,active,5/21/2024,87.29,9,40,Home,Skirt,Clothing,Male,400,785.61,Churned
ORD6737,CUST2737,69,PROD1937,USA,5/29/2022,10/17/2022,4,active,5/26/2025,90.99,5,35,Sports,Shirt,Clothing,Female,694,454.95,Churned
ORD6738,CUST2738,27,PROD1938,Germany,10/31/2022,2/22/2024,4,active,3/11/2024,291.43,3,40,Home,Chair,Home,Male,201,874.29,Churned
ORD6739,CUST2739,36,PROD1939,Pakistan,6/18/2023,9/16/2023,3,cancelled,6/22/2023,407.69,1,47,Home,Basketball,Sports,Male,360,407.69,Churned
ORD6740,CUST2740,69,PROD1940,India,1/20/2023,5/8/2025,3,active,5/28/2025,52.8,8,33,Clothing,Dress,Clothing,Male,-240,422.4,Active
ORD6741,CUST2741,32,PROD1941,USA,8/23/2020,10/17/2020,4,active,12/4/2022,248.17,1,18,Sports,"Vacuum Cleaner",Home,Female,1424,248.17,Churned
ORD6742,CUST2742,52,PROD1942,India,8/22/2020,6/19/2025,1,active,7/25/2025,406.4,4,19,Clothing,Laptop,Electronics,Female,-282,1625.6,Active
ORD6743,CUST2743,62,PROD1943,Canada,4/12/2021,1/27/2022,2,active,10/31/2022,49.62,6,49,Sports,Hoodie,Clothing,Female,957,297.71999999999997,Churned
ORD6744,CUST2744,26,PROD1944,Pakistan,11/20/2021,1/17/2022,5,active,3/29/2025,194.3,6,11,Clothing,Headphones,Electronics,Male,967,1165.8000000000002,Churned
ORD6745,CUST2745,33,PROD1945,USA,5/14/2021,1/27/2023,0,active,1/9/2024,141.25,7,16,Beauty,Smartphone,Electronics,Female,592,988.75,Churned
ORD6746,CUST2746,53,PROD1946,Canada,10/17/2022,5/25/2024,1,paused,1/1/2024,499.41,3,35,Electronics,Hoodie,Clothing,Female,108,1498.23,Churned
ORD6747,CUST2747,56,PROD1947,UK,6/23/2022,8/12/2024,1,cancelled,5/6/2025,242.33,1,12,Beauty,Blender,Home,Female,29,242.33,Active
ORD6748,CUST2748,52,PROD1948,UK,3/15/2021,8/19/2023,2,active,10/15/2023,946.91,1,21,Electronics,Laptop,Electronics,Female,388,946.91,Churned
ORD6749,CUST2749,50,PROD1949,UK,11/28/2021,4/11/2022,0,active,3/16/2022,411.67,1,25,Clothing,Lamp,Home,Male,883,411.67,Churned
ORD6750,CUST2750,34,PROD1950,Canada,12/14/2021,3/7/2025,1,active,5/16/2024,177.74,8,34,Clothing,Moisturizer,Beauty,Female,-178,1421.92,Active
ORD6751,CUST2751,26,PROD1951,UK,8/21/2021,11/12/2022,4,active,7/1/2023,500.06,3,4,Sports,Chair,Home,Female,668,1500.18,Churned
ORD6752,CUST2752,59,PROD1952,Canada,2/22/2022,1/29/2024,5,active,10/11/2022,397.85,3,24,Clothing,"Bluetooth Speaker",Electronics,Female,225,1193.5500000000002,Churned
ORD6753,CUST2753,29,PROD1953,UK,12/14/2022,1/25/2024,3,active,4/29/2025,48.17,5,12,Electronics,Jacket,Clothing,Male,229,240.85000000000002,Churned
ORD6754,CUST2754,41,PROD1954,USA,3/9/2022,4/30/2022,4,paused,10/19/2023,205.14,6,38,Clothing,"Face Wash",Beauty,Male,864,1230.84,Churned
ORD6755,CUST2755,51,PROD1955,USA,8/3/2022,12/18/2023,4,active,4/30/2024,168.77,5,25,Sports,Shirt,Clothing,Female,267,843.85,Churned
ORD6756,CUST2756,56,PROD1956,Pakistan,2/24/2023,8/7/2023,5,active,4/28/2024,246.43,6,25,Electronics,Sneakers,Clothing,Male,400,1478.58,Churned
ORD6757,CUST2757,22,PROD1957,Germany,8/25/2021,8/2/2025,0,active,6/21/2022,292.64,5,32,Beauty,T-Shirt,Clothing,Male,-326,1463.1999999999998,Active
ORD6758,CUST2758,61,PROD1958,Canada,11/25/2022,3/9/2025,4,cancelled,5/10/2024,203.28,5,47,Home,Shampoo,Beauty,Female,-180,1016.4,Active
ORD6759,CUST2759,37,PROD1959,Pakistan,12/17/2022,4/9/2023,4,paused,4/21/2024,931.8,2,46,Clothing,Laptop,Electronics,Male,520,1863.6,Churned
ORD6760,CUST2760,62,PROD1960,USA,12/4/2022,7/18/2023,1,cancelled,12/1/2024,117.18,9,9,Electronics,Football,Sports,Male,420,1054.6200000000001,Churned
ORD6761,CUST2761,42,PROD1961,Canada,8/4/2021,7/2/2022,4,cancelled,5/22/2024,39.66,7,34,Electronics,Football,Sports,Male,801,277.62,Churned
ORD6762,CUST2762,26,PROD1962,Pakistan,3/19/2022,6/10/2022,1,cancelled,11/4/2023,47.52,5,25,Sports,"Face Wash",Beauty,Male,823,237.60000000000002,Churned
ORD6763,CUST2763,34,PROD1963,Germany,3/2/2023,7/29/2025,1,cancelled,4/21/2024,165.16,9,9,Electronics,Foundation,Beauty,Male,-322,1486.44,Active
ORD6764,CUST2764,46,PROD1964,India,9/20/2022,1/5/2024,5,active,9/11/2024,28.8,2,15,Clothing,Dumbbells,Sports,Female,249,57.6,Churned
ORD6765,CUST2765,44,PROD1965,India,2/27/2023,4/1/2025,1,active,6/3/2025,64.24,9,39,Home,Hoodie,Clothing,Female,-203,578.16,Active
ORD6766,CUST2766,29,PROD1966,USA,7/17/2023,6/30/2025,1,active,6/15/2025,493.6,2,31,Sports,Tablet,Electronics,Male,-293,987.2,Active
ORD6767,CUST2767,42,PROD1967,Germany,2/17/2023,3/26/2023,2,paused,5/24/2023,180.2,7,39,Home,Jacket,Clothing,Male,534,1261.3999999999999,Churned
ORD6768,CUST2768,37,PROD1968,UK,12/19/2022,2/9/2024,4,active,9/5/2023,121.43,3,36,Sports,Football,Sports,Female,214,364.29,Churned
ORD6769,CUST2769,46,PROD1969,UK,1/27/2021,1/14/2023,0,paused,7/31/2024,322.7,3,26,Electronics,Shampoo,Beauty,Other,605,968.0999999999999,Churned
ORD6770,CUST2770,58,PROD1970,Germany,8/6/2022,5/15/2023,4,cancelled,6/6/2024,527.36,1,35,Home,Moisturizer,Beauty,Female,484,527.36,Churned
ORD6771,CUST2771,50,PROD1971,Canada,8/29/2021,11/9/2024,3,active,5/18/2025,101.44,9,33,Clothing,Jacket,Clothing,Male,-60,912.96,Active
ORD6772,CUST2772,44,PROD1972,Canada,7/7/2021,1/16/2022,2,active,6/24/2022,225.41,5,1,Sports,Shampoo,Beauty,Male,968,1127.05,Churned
ORD6773,CUST2773,33,PROD1973,UK,4/15/2022,2/27/2024,1,active,12/31/2023,554.73,1,16,Beauty,Dress,Clothing,Female,196,554.73,Churned
ORD6774,CUST2774,58,PROD1974,UK,10/19/2022,6/12/2023,2,active,9/30/2023,641.76,3,18,Home,"Nail Polish",Beauty,Male,456,1925.28,Churned
ORD6775,CUST2775,26,PROD1975,Germany,2/26/2023,9/28/2023,0,paused,5/24/2023,116.39,9,38,Beauty,Jacket,Clothing,Male,348,1047.51,Churned
ORD6776,CUST2776,48,PROD1976,USA,4/2/2022,9/13/2023,4,cancelled,2/27/2023,277.09,3,12,Electronics,Dumbbells,Sports,Male,363,831.27,Churned
ORD6777,CUST2777,60,PROD1977,Germany,5/6/2021,7/2/2025,5,active,7/26/2021,68.3,8,9,Electronics,Smartphone,Electronics,Female,-295,546.4,Active
ORD6778,CUST2778,33,PROD1978,Germany,2/3/2022,6/5/2024,3,cancelled,10/28/2022,978.54,2,37,Electronics,Chair,Home,Male,97,1957.08,Churned
ORD6779,CUST2779,35,PROD1979,Pakistan,8/12/2021,11/12/2024,0,active,5/21/2025,1241.77,1,36,Electronics,"Tennis Racket",Sports,Male,-63,1241.77,Active
ORD6780,CUST2780,30,PROD1980,India,11/14/2022,6/4/2025,0,active,8/4/2025,394.54,3,11,Clothing,Headphones,Electronics,Male,-267,1183.6200000000001,Active
ORD6781,CUST2781,50,PROD1981,India,6/30/2023,10/15/2024,1,cancelled,8/3/2024,5.39,8,38,Electronics,Smartwatch,Electronics,Female,-35,43.12,Active
ORD6782,CUST2782,40,PROD1982,India,5/24/2021,1/19/2025,5,active,1/3/2023,120.41,8,19,Home,"Yoga Mat",Sports,Male,-131,963.28,Active
ORD6783,CUST2783,48,PROD1983,UK,8/11/2022,5/2/2023,3,active,1/21/2025,124.3,8,15,Sports,"Yoga Mat",Sports,Male,497,994.4,Churned
ORD6784,CUST2784,48,PROD1984,UK,8/18/2021,10/23/2021,5,active,4/26/2024,179.9,2,40,Electronics,"Nail Polish",Beauty,Male,1053,359.8,Churned
ORD6785,CUST2785,64,PROD1985,Canada,6/18/2021,10/11/2022,1,cancelled,3/9/2024,151.58,7,47,Home,Jeans,Clothing,Male,700,1061.0600000000002,Churned
ORD6786,CUST2786,61,PROD1986,USA,7/11/2023,11/8/2023,3,active,12/15/2023,165.18,8,19,Home,Refrigerator,Home,Female,307,1321.44,Churned
ORD6787,CUST2787,29,PROD1987,Canada,11/14/2022,10/14/2023,4,active,11/28/2024,65.76,7,5,Electronics,"Running Shoes",Sports,Male,332,460.32000000000005,Churned
ORD6788,CUST2788,64,PROD1988,Pakistan,7/26/2021,3/30/2025,1,cancelled,8/1/2021,123.74,9,8,Home,"Dining Table",Home,Female,-201,1113.6599999999999,Active
ORD6789,CUST2789,22,PROD1989,Canada,9/15/2020,5/29/2021,1,active,4/5/2021,62.2,4,11,Electronics,Basketball,Sports,Male,1200,248.8,Churned
ORD6790,CUST2790,54,PROD1990,Germany,12/1/2022,5/12/2023,3,active,8/29/2024,10.18,4,13,Electronics,Dress,Clothing,Female,487,40.72,Churned
ORD6791,CUST2791,52,PROD1991,Germany,12/22/2022,6/5/2025,5,paused,7/8/2024,178.14,7,31,Home,Dress,Clothing,Female,-268,1246.98,Active
ORD6792,CUST2792,47,PROD1992,Canada,8/8/2022,2/22/2025,4,active,11/19/2023,821.69,1,44,Sports,Lipstick,Beauty,Male,-165,821.69,Active
ORD6793,CUST2793,63,PROD1993,Canada,4/30/2023,10/1/2023,0,paused,3/17/2025,166.66,7,16,Home,Tablet,Electronics,Male,345,1166.62,Churned
ORD6794,CUST2794,25,PROD1994,India,4/25/2022,11/30/2023,2,paused,11/23/2024,715.99,1,39,Beauty,"Dining Table",Home,Female,285,715.99,Churned
ORD6795,CUST2795,50,PROD1995,India,6/18/2022,1/30/2025,1,cancelled,1/13/2025,1397.94,1,5,Sports,"Cricket Bat",Sports,Male,-142,1397.94,Active
ORD6796,CUST2796,21,PROD1996,Germany,3/13/2021,11/15/2023,1,active,9/14/2021,307.89,5,35,Sports,"Bluetooth Speaker",Electronics,Female,300,1539.4499999999998,Churned
ORD6797,CUST2797,68,PROD1997,Germany,8/29/2021,12/5/2024,4,active,2/13/2023,146.78,9,6,Electronics,Shirt,Clothing,Female,-86,1321.02,Active
ORD6798,CUST2798,40,PROD1998,Germany,2/17/2023,1/28/2025,1,active,5/17/2024,82.46,3,41,Clothing,Headphones,Electronics,Female,-140,247.38,Active
ORD6799,CUST2799,20,PROD1999,Germany,9/8/2021,10/11/2021,1,active,9/7/2023,406.43,4,11,Sports,"Yoga Mat",Sports,Female,1065,1625.72,Churned
ORD6800,CUST2800,20,PROD2000,Germany,11/24/2021,5/4/2022,2,active,1/29/2024,871.44,2,35,Home,"Nail Polish",Beauty,Female,860,1742.88,Churned
ORD6801,CUST2801,51,PROD2001,Germany,12/11/2022,6/21/2025,5,active,1/14/2024,204.5,8,9,Home,"Running Shoes",Sports,Female,-284,1636,Active
ORD6802,CUST2802,37,PROD2002,Pakistan,12/8/2020,12/14/2021,4,active,1/8/2022,390.24,2,49,Electronics,Football,Sports,Female,1001,780.48,Churned
ORD6803,CUST2803,57,PROD2003,Pakistan,8/12/2022,3/19/2025,1,active,7/30/2024,295.37,6,27,Sports,Lamp,Home,Male,-190,1772.22,Active
ORD6804,CUST2804,40,PROD2004,Germany,4/8/2022,1/11/2025,5,cancelled,6/19/2024,855.07,2,2,Sports,Moisturizer,Beauty,Male,-123,1710.14,Active
ORD6805,CUST2805,55,PROD2005,Canada,10/26/2022,1/29/2024,0,active,8/3/2023,1595.97,1,9,Electronics,T-Shirt,Clothing,Female,225,1595.97,Churned
ORD6806,CUST2806,66,PROD2006,UK,3/22/2022,3/3/2023,5,cancelled,12/15/2023,139.58,3,17,Home,Camera,Electronics,Female,557,418.74,Churned
ORD6807,CUST2807,44,PROD2007,Pakistan,8/12/2022,3/10/2025,5,active,11/30/2022,493.19,4,7,Clothing,Camera,Electronics,Female,-181,1972.76,Active
ORD6808,CUST2808,25,PROD2008,UK,9/6/2020,12/1/2023,4,active,3/3/2024,3.87,9,3,Beauty,Perfume,Beauty,Female,284,34.83,Churned
ORD6809,CUST2809,53,PROD2009,USA,8/21/2021,8/16/2022,3,active,1/20/2024,646.02,3,46,Electronics,"Face Wash",Beauty,Female,756,1938.06,Churned
ORD6810,CUST2810,65,PROD2010,Pakistan,2/11/2021,4/23/2025,1,cancelled,4/18/2025,331.29,6,20,Home,Foundation,Beauty,Female,-225,1987.7400000000002,Active
ORD6811,CUST2811,44,PROD2011,Germany,5/25/2022,5/4/2024,3,active,5/26/2022,95.93,5,17,Clothing,Lipstick,Beauty,Male,129,479.65000000000003,Churned
ORD6812,CUST2812,24,PROD2012,Canada,1/3/2021,2/6/2021,5,cancelled,7/7/2025,243.85,7,5,Electronics,Basketball,Sports,Female,1312,1706.95,Churned
ORD6813,CUST2813,69,PROD2013,UK,3/12/2021,6/2/2023,0,active,8/5/2025,57.06,9,36,Beauty,Lamp,Home,Other,466,513.54,Churned
ORD6814,CUST2814,56,PROD2014,India,3/7/2021,9/14/2021,3,active,8/17/2025,248.2,5,49,Beauty,"Tennis Racket",Sports,Female,1092,1241,Churned
ORD6815,CUST2815,54,PROD2015,India,9/11/2021,4/23/2023,2,active,12/31/2024,40.29,8,27,Sports,"Tennis Racket",Sports,Female,506,322.32,Churned
ORD6816,CUST2816,37,PROD2016,Canada,9/3/2021,12/17/2024,2,active,2/11/2022,294.37,5,30,Beauty,Lamp,Home,Male,-98,1471.85,Active
ORD6817,CUST2817,58,PROD2017,UK,12/26/2021,2/22/2022,0,active,6/24/2024,103.64,9,1,Sports,Jeans,Clothing,Male,931,932.76,Churned
ORD6818,CUST2818,28,PROD2018,Germany,8/28/2020,3/1/2022,2,active,8/20/2022,452,4,20,Electronics,Lamp,Home,Male,924,1808,Churned
ORD6819,CUST2819,18,PROD2019,UK,9/29/2021,4/23/2025,5,active,5/15/2022,899.63,1,10,Electronics,Refrigerator,Home,Female,-225,899.63,Active
ORD6820,CUST2820,26,PROD2020,USA,4/10/2021,10/31/2021,2,active,5/3/2024,219.62,9,21,Home,Camera,Electronics,Female,1045,1976.58,Churned
ORD6821,CUST2821,21,PROD2021,USA,12/25/2020,4/27/2024,2,active,1/26/2022,183.35,9,13,Beauty,Conditioner,Beauty,Male,136,1650.1499999999999,Churned
ORD6822,CUST2822,28,PROD2022,USA,11/12/2022,4/28/2024,5,active,7/22/2025,634.36,3,21,Sports,Microwave,Home,Female,135,1903.08,Churned
ORD6823,CUST2823,20,PROD2023,Pakistan,2/27/2021,12/30/2022,0,active,11/19/2022,90.04,8,47,Clothing,Smartwatch,Electronics,Female,620,720.32,Churned
ORD6824,CUST2824,53,PROD2024,Pakistan,10/24/2021,10/1/2023,0,active,7/23/2025,132.42,3,1,Beauty,Dumbbells,Sports,Other,345,397.26,Churned
ORD6825,CUST2825,39,PROD2025,USA,6/27/2022,8/4/2025,1,paused,1/22/2024,369.9,2,48,Electronics,Shampoo,Beauty,Male,-328,739.8,Active
ORD6826,CUST2826,45,PROD2026,Pakistan,9/19/2020,1/1/2022,2,cancelled,6/10/2021,193.98,6,43,Home,Football,Sports,Male,983,1163.8799999999999,Churned
ORD6827,CUST2827,61,PROD2027,Germany,7/19/2021,1/6/2025,4,active,10/23/2024,213.98,3,27,Home,Sneakers,Clothing,Female,-118,641.9399999999999,Active
ORD6828,CUST2828,51,PROD2028,Canada,8/22/2020,8/17/2022,5,cancelled,12/23/2022,139.2,9,48,Home,Jacket,Clothing,Female,755,1252.8,Churned
ORD6829,CUST2829,39,PROD2029,UK,3/15/2023,5/30/2023,5,cancelled,10/1/2023,429.99,1,29,Home,Smartwatch,Electronics,Female,469,429.99,Churned
ORD6830,CUST2830,66,PROD2030,Germany,4/10/2023,5/29/2023,5,cancelled,7/31/2023,204.48,6,10,Electronics,Camera,Electronics,Male,470,1226.8799999999999,Churned
ORD6831,CUST2831,62,PROD2031,Germany,1/5/2022,6/5/2025,0,cancelled,9/28/2023,26.95,5,33,Clothing,"Nail Polish",Beauty,Female,-268,134.75,Active
ORD6832,CUST2832,53,PROD2032,Canada,6/15/2022,3/24/2023,1,active,7/6/2025,22.66,6,32,Sports,Smartwatch,Electronics,Female,536,135.96,Churned
ORD6833,CUST2833,32,PROD2033,Pakistan,4/10/2023,7/28/2025,2,active,8/3/2025,150.86,9,48,Electronics,Shampoo,Beauty,Male,-321,1357.7400000000002,Active
ORD6834,CUST2834,38,PROD2034,India,8/19/2022,7/4/2023,0,paused,5/6/2023,347.74,3,29,Beauty,Headphones,Electronics,Male,434,1043.22,Churned
ORD6835,CUST2835,38,PROD2035,Pakistan,5/5/2022,2/14/2024,4,cancelled,2/8/2025,11.42,9,34,Beauty,"Cycling Helmet",Sports,Female,209,102.78,Churned
ORD6836,CUST2836,64,PROD2036,Germany,3/26/2022,1/15/2023,1,active,7/25/2023,531.15,3,26,Electronics,Jacket,Clothing,Male,604,1593.4499999999998,Churned
ORD6837,CUST2837,33,PROD2037,India,7/12/2022,10/9/2022,3,paused,7/28/2024,1339,1,48,Clothing,Conditioner,Beauty,Female,702,1339,Churned
ORD6838,CUST2838,23,PROD2038,India,4/11/2021,5/2/2022,0,active,9/29/2024,809.03,1,42,Home,"Gaming Console",Electronics,Male,862,809.03,Churned
ORD6839,CUST2839,45,PROD2039,USA,1/4/2023,5/28/2025,1,cancelled,12/27/2023,423.72,3,43,Electronics,Hoodie,Clothing,Male,-260,1271.16,Active
ORD6840,CUST2840,31,PROD2040,USA,9/16/2022,1/22/2023,3,cancelled,11/2/2023,72.44,7,33,Beauty,"Bluetooth Speaker",Electronics,Male,597,507.08,Churned
ORD6841,CUST2841,58,PROD2041,USA,2/7/2022,2/12/2022,2,paused,5/24/2025,156.44,4,36,Clothing,"Bluetooth Speaker",Electronics,Female,941,625.76,Churned
ORD6842,CUST2842,34,PROD2042,Canada,7/1/2021,2/22/2022,3,active,10/28/2021,158.08,6,7,Beauty,Jeans,Clothing,Male,931,948.48,Churned
ORD6843,CUST2843,26,PROD2043,Pakistan,9/26/2022,1/21/2024,2,active,12/12/2023,644.69,1,46,Beauty,"Nail Polish",Beauty,Male,233,644.69,Churned
ORD6844,CUST2844,43,PROD2044,India,12/20/2021,2/22/2024,4,active,3/25/2024,570.25,3,33,Clothing,T-Shirt,Clothing,Male,201,1710.75,Churned
ORD6845,CUST2845,61,PROD2045,Germany,9/2/2021,4/24/2023,1,active,8/21/2022,267,7,14,Sports,"Cricket Bat",Sports,Male,505,1869,Churned
ORD6846,CUST2846,19,PROD2046,USA,1/4/2022,9/3/2024,3,active,11/11/2022,138.42,4,14,Electronics,"Face Wash",Beauty,Male,7,553.68,Active
ORD6847,CUST2847,47,PROD2047,Pakistan,10/8/2020,5/18/2024,4,active,8/21/2023,71.79,7,33,Home,Conditioner,Beauty,Female,115,502.53000000000003,Churned
ORD6848,CUST2848,30,PROD2048,USA,5/22/2023,7/19/2023,3,active,2/8/2024,477.46,4,28,Electronics,Basketball,Sports,Male,419,1909.84,Churned
ORD6849,CUST2849,43,PROD2049,India,4/25/2022,9/9/2022,3,active,5/12/2023,601.04,1,5,Clothing,Foundation,Beauty,Male,732,601.04,Churned
ORD6850,CUST2850,28,PROD2050,UK,4/4/2021,10/14/2024,4,cancelled,3/9/2025,467.71,3,30,Electronics,Chair,Home,Female,-34,1403.1299999999999,Active
ORD6851,CUST2851,47,PROD2051,Germany,9/12/2020,3/18/2022,1,active,1/23/2021,147.14,7,36,Clothing,Chair,Home,Male,907,1029.98,Churned
ORD6852,CUST2852,60,PROD2052,USA,5/14/2022,11/30/2023,3,cancelled,12/27/2023,283.39,2,17,Electronics,Foundation,Beauty,Male,285,566.78,Churned
ORD6853,CUST2853,21,PROD2053,Germany,10/16/2021,7/30/2025,1,cancelled,7/21/2022,743.56,2,28,Electronics,Blender,Home,Female,-323,1487.12,Active
ORD6854,CUST2854,61,PROD2054,USA,8/1/2021,10/13/2022,1,active,7/12/2025,63.1,8,29,Beauty,Football,Sports,Male,698,504.8,Churned
ORD6855,CUST2855,28,PROD2055,UK,12/20/2022,7/18/2024,3,paused,4/16/2025,189.33,7,4,Beauty,Conditioner,Beauty,Male,54,1325.3100000000002,Active
ORD6856,CUST2856,65,PROD2056,Germany,2/26/2023,9/1/2024,0,active,3/5/2023,365.3,4,18,Sports,Sofa,Home,Other,9,1461.2,Active
ORD6857,CUST2857,61,PROD2057,Canada,2/23/2023,10/10/2023,1,active,11/6/2024,44.94,9,7,Clothing,Sneakers,Clothing,Female,336,404.46,Churned
ORD6858,CUST2858,46,PROD2058,USA,12/31/2022,8/29/2023,1,active,3/1/2023,556.42,2,6,Beauty,"Vacuum Cleaner",Home,Male,378,1112.84,Churned
ORD6859,CUST2859,63,PROD2059,USA,5/30/2022,12/18/2024,2,cancelled,7/6/2023,103.42,6,40,Home,Lipstick,Beauty,Male,-99,620.52,Active
ORD6860,CUST2860,35,PROD2060,Pakistan,2/17/2023,12/17/2024,0,active,9/12/2024,300.08,4,25,Electronics,Conditioner,Beauty,Other,-98,1200.32,Active
ORD6861,CUST2861,39,PROD2061,USA,4/8/2021,8/15/2024,5,active,11/12/2024,117.58,2,4,Clothing,Sneakers,Clothing,Female,26,235.16,Active
ORD6862,CUST2862,43,PROD2062,UK,10/18/2020,2/24/2021,4,active,10/16/2023,1685.5,1,8,Beauty,Jacket,Clothing,Male,1294,1685.5,Churned
ORD6863,CUST2863,58,PROD2063,Germany,8/17/2021,10/1/2023,4,active,10/24/2022,331.38,5,6,Clothing,"Gaming Console",Electronics,Male,345,1656.9,Churned
ORD6864,CUST2864,21,PROD2064,USA,11/23/2020,11/4/2023,0,paused,6/27/2021,529.98,1,41,Sports,"Cricket Bat",Sports,Female,311,529.98,Churned
ORD6865,CUST2865,46,PROD2065,Pakistan,7/15/2022,6/13/2025,5,cancelled,9/18/2024,642.41,3,26,Clothing,Smartphone,Electronics,Male,-276,1927.23,Active
ORD6866,CUST2866,67,PROD2066,Canada,1/24/2022,7/25/2025,3,active,3/17/2023,118.68,9,38,Electronics,Shampoo,Beauty,Female,-318,1068.1200000000001,Active
ORD6867,CUST2867,24,PROD2067,Canada,3/17/2022,9/27/2022,2,cancelled,9/6/2023,570.81,1,40,Clothing,"Face Wash",Beauty,Female,714,570.81,Churned
ORD6868,CUST2868,28,PROD2068,Canada,11/9/2020,12/31/2022,0,active,3/26/2023,410.67,3,42,Electronics,Jacket,Clothing,Female,619,1232.01,Churned
ORD6869,CUST2869,68,PROD2069,UK,8/11/2021,5/15/2023,1,active,5/14/2024,21.9,8,14,Sports,Camera,Electronics,Male,484,175.2,Churned
ORD6870,CUST2870,26,PROD2070,UK,6/14/2023,2/6/2025,2,cancelled,11/6/2024,239.88,8,44,Home,Headphones,Electronics,Female,-149,1919.04,Active
ORD6871,CUST2871,27,PROD2071,Pakistan,5/9/2023,7/8/2025,1,cancelled,9/25/2023,1761.57,1,16,Electronics,Dumbbells,Sports,Male,-301,1761.57,Active
ORD6872,CUST2872,48,PROD2072,USA,10/1/2021,4/22/2024,5,active,10/14/2024,1081.8,1,40,Clothing,"Yoga Mat",Sports,Male,141,1081.8,Churned
ORD6873,CUST2873,37,PROD2073,Germany,7/3/2022,12/6/2023,3,active,9/30/2022,152.49,5,42,Sports,"Cricket Bat",Sports,Male,279,762.45,Churned
ORD6874,CUST2874,50,PROD2074,India,5/21/2021,2/16/2025,0,cancelled,7/5/2025,1955.81,1,30,Electronics,Skirt,Clothing,Male,-159,1955.81,Active
ORD6875,CUST2875,44,PROD2075,Canada,9/13/2020,11/9/2020,2,active,12/9/2023,92.5,7,11,Home,"Bluetooth Speaker",Electronics,Male,1401,647.5,Churned
ORD6876,CUST2876,41,PROD2076,Canada,6/18/2021,12/25/2021,1,paused,3/3/2023,207.01,3,17,Electronics,"Dining Table",Home,Female,990,621.03,Churned
ORD6877,CUST2877,66,PROD2077,Germany,2/27/2022,2/19/2023,2,paused,7/26/2025,51.21,8,48,Clothing,Perfume,Beauty,Other,569,409.68,Churned
ORD6878,CUST2878,30,PROD2078,UK,1/20/2022,1/20/2024,5,active,11/20/2022,1358.08,1,46,Electronics,"Bluetooth Speaker",Electronics,Male,234,1358.08,Churned
ORD6879,CUST2879,46,PROD2079,Pakistan,3/16/2021,3/20/2022,1,active,7/27/2024,420.35,2,21,Home,Lipstick,Beauty,Female,905,840.7,Churned
ORD6880,CUST2880,51,PROD2080,India,5/26/2022,6/11/2024,1,cancelled,11/2/2022,418.53,3,43,Beauty,"Yoga Mat",Sports,Male,91,1255.59,Churned
ORD6881,CUST2881,53,PROD2081,UK,1/11/2021,9/8/2023,3,active,4/2/2021,192.16,6,22,Clothing,Blender,Home,Male,368,1152.96,Churned
ORD6882,CUST2882,54,PROD2082,USA,9/9/2021,3/26/2023,4,cancelled,4/15/2025,410.43,3,42,Electronics,Jacket,Clothing,Female,534,1231.29,Churned
ORD6883,CUST2883,58,PROD2083,Canada,9/25/2022,3/16/2024,2,active,10/25/2023,170.66,6,46,Home,Refrigerator,Home,Male,178,1023.96,Churned
ORD6884,CUST2884,48,PROD2084,USA,4/13/2023,4/17/2024,0,paused,3/22/2025,32.67,8,9,Sports,"Cycling Helmet",Sports,Male,146,261.36,Churned
ORD6885,CUST2885,59,PROD2085,Germany,9/16/2022,3/21/2024,0,active,4/24/2024,1453.08,1,34,Electronics,"Vacuum Cleaner",Home,Female,173,1453.08,Churned
ORD6886,CUST2886,69,PROD2086,Germany,1/20/2022,7/11/2024,0,active,6/9/2022,104.39,9,19,Beauty,Perfume,Beauty,Female,61,939.51,"At Risk"
ORD6887,CUST2887,25,PROD2087,India,8/14/2022,10/24/2024,0,cancelled,1/2/2025,935.95,1,11,Electronics,Basketball,Sports,Female,-44,935.95,Active
ORD6888,CUST2888,28,PROD2088,India,8/30/2020,3/20/2023,4,cancelled,11/5/2024,6.43,6,43,Beauty,Chair,Home,Male,540,38.58,Churned
ORD6889,CUST2889,31,PROD2089,India,3/28/2021,12/12/2023,4,paused,11/1/2023,334.5,2,15,Electronics,"Cricket Bat",Sports,Male,273,669,Churned
ORD6890,CUST2890,51,PROD2090,UK,6/23/2021,8/4/2021,2,active,7/4/2021,72.16,7,4,Electronics,Football,Sports,Female,1133,505.12,Churned
ORD6891,CUST2891,22,PROD2091,India,4/30/2022,9/22/2024,1,cancelled,7/21/2022,198.07,5,36,Clothing,Laptop,Electronics,Female,-12,990.3499999999999,Active
ORD6892,CUST2892,34,PROD2092,USA,2/19/2022,4/11/2023,1,active,4/22/2022,1180.59,1,22,Beauty,Skirt,Clothing,Male,518,1180.59,Churned
ORD6893,CUST2893,24,PROD2093,India,7/5/2021,11/14/2024,3,active,12/5/2023,83.69,5,7,Beauty,Microwave,Home,Female,-65,418.45,Active
ORD6894,CUST2894,24,PROD2094,USA,8/1/2023,5/15/2024,5,active,7/5/2025,228.12,7,25,Beauty,Sneakers,Clothing,Male,118,1596.8400000000001,Churned
ORD6895,CUST2895,53,PROD2095,Germany,8/28/2020,2/11/2022,4,active,12/6/2020,284.69,5,13,Beauty,Microwave,Home,Female,942,1423.45,Churned
ORD6896,CUST2896,67,PROD2096,India,8/5/2021,9/7/2024,1,paused,1/1/2022,10.34,5,10,Home,Shirt,Clothing,Male,3,51.7,Active
ORD6897,CUST2897,57,PROD2097,Canada,2/4/2022,11/10/2023,5,active,5/28/2022,218.72,6,37,Home,"Bluetooth Speaker",Electronics,Female,305,1312.32,Churned
ORD6898,CUST2898,32,PROD2098,Pakistan,12/5/2020,4/22/2023,5,cancelled,9/6/2023,211.68,6,25,Home,Moisturizer,Beauty,Female,507,1270.08,Churned
ORD6899,CUST2899,45,PROD2099,Pakistan,3/16/2023,4/1/2024,1,active,4/27/2023,102.92,7,2,Beauty,"Vacuum Cleaner",Home,Male,162,720.44,Churned
ORD6900,CUST2900,52,PROD2100,Pakistan,10/25/2021,6/6/2023,5,active,4/3/2024,277.83,6,41,Clothing,T-Shirt,Clothing,Female,462,1666.98,Churned
ORD6901,CUST2901,51,PROD2101,Canada,2/26/2021,2/22/2022,2,active,1/6/2025,224.46,6,30,Beauty,Jacket,Clothing,Male,931,1346.76,Churned
ORD6902,CUST2902,21,PROD2102,UK,3/21/2021,4/25/2022,4,active,2/7/2023,277.63,3,16,Beauty,"Cycling Helmet",Sports,Male,869,832.89,Churned
ORD6903,CUST2903,28,PROD2103,UK,9/15/2021,10/22/2022,4,active,3/21/2023,350.36,4,22,Home,Conditioner,Beauty,Female,689,1401.44,Churned
ORD6904,CUST2904,26,PROD2104,UK,10/18/2022,6/9/2024,2,paused,11/22/2022,213.68,5,35,Sports,Moisturizer,Beauty,Female,93,1068.4,Churned
ORD6905,CUST2905,59,PROD2105,Pakistan,8/13/2022,1/26/2023,4,active,12/21/2022,36.09,8,27,Home,"Tennis Racket",Sports,Female,593,288.72,Churned
ORD6906,CUST2906,18,PROD2106,India,3/11/2022,8/9/2022,3,cancelled,4/2/2025,267.89,6,2,Electronics,Football,Sports,Male,763,1607.34,Churned
ORD6907,CUST2907,40,PROD2107,Germany,4/27/2023,1/21/2025,5,active,2/1/2024,755.64,2,38,Home,"Bluetooth Speaker",Electronics,Male,-133,1511.28,Active
ORD6908,CUST2908,25,PROD2108,India,10/12/2020,8/31/2021,5,cancelled,2/7/2022,1725.32,1,5,Clothing,"Cycling Helmet",Sports,Male,1106,1725.32,Churned
ORD6909,CUST2909,29,PROD2109,USA,6/24/2021,10/10/2024,5,active,8/5/2025,87.1,7,45,Sports,Dumbbells,Sports,Male,-30,609.6999999999999,Active
ORD6910,CUST2910,63,PROD2110,USA,1/29/2021,6/20/2024,1,active,4/17/2023,104.59,6,22,Beauty,T-Shirt,Clothing,Male,82,627.54,"At Risk"
ORD6911,CUST2911,44,PROD2111,UK,5/9/2021,11/30/2023,1,cancelled,4/15/2022,79.28,2,9,Electronics,Sofa,Home,Female,285,158.56,Churned
ORD6912,CUST2912,48,PROD2112,Pakistan,1/11/2023,9/26/2024,0,active,2/17/2024,197.22,6,9,Electronics,"Cycling Helmet",Sports,Male,-16,1183.32,Active
ORD6913,CUST2913,45,PROD2113,Pakistan,2/4/2021,6/6/2022,4,paused,5/23/2024,343.73,1,23,Beauty,"Face Wash",Beauty,Male,827,343.73,Churned
ORD6914,CUST2914,67,PROD2114,India,5/21/2023,10/14/2023,3,active,11/26/2023,183.62,6,37,Home,T-Shirt,Clothing,Female,332,1101.72,Churned
ORD6915,CUST2915,25,PROD2115,Canada,11/26/2020,1/9/2025,5,active,3/31/2025,266.26,7,15,Clothing,"Face Wash",Beauty,Other,-121,1863.82,Active
ORD6916,CUST2916,39,PROD2116,Germany,9/4/2020,4/26/2025,3,active,8/14/2025,231.08,6,4,Beauty,T-Shirt,Clothing,Male,-228,1386.48,Active
ORD6917,CUST2917,42,PROD2117,Pakistan,8/12/2021,11/20/2022,2,active,1/7/2022,261.03,7,15,Clothing,Dress,Clothing,Male,660,1827.2099999999998,Churned
ORD6918,CUST2918,49,PROD2118,India,9/24/2020,11/17/2023,2,active,4/8/2023,220.35,4,25,Sports,Microwave,Home,Male,298,881.4,Churned
ORD6919,CUST2919,22,PROD2119,Canada,4/6/2021,7/22/2021,2,paused,4/10/2024,88.49,7,34,Clothing,Dumbbells,Sports,Female,1146,619.43,Churned
ORD6920,CUST2920,64,PROD2120,Pakistan,12/14/2021,1/28/2022,4,cancelled,3/10/2024,229.56,7,9,Sports,Sofa,Home,Female,956,1606.92,Churned
ORD6921,CUST2921,64,PROD2121,Pakistan,11/25/2022,4/12/2025,3,active,6/4/2025,38.42,6,34,Electronics,Camera,Electronics,Female,-214,230.52,Active
ORD6922,CUST2922,51,PROD2122,Pakistan,5/24/2023,2/9/2025,1,cancelled,7/22/2023,35.18,6,26,Beauty,Microwave,Home,Male,-152,211.07999999999998,Active
ORD6923,CUST2923,44,PROD2123,Germany,5/20/2021,11/28/2021,0,active,6/4/2025,96.43,1,8,Sports,Tablet,Electronics,Female,1017,96.43,Churned
ORD6924,CUST2924,53,PROD2124,USA,11/3/2021,2/21/2025,0,active,1/31/2022,198.52,9,44,Home,Basketball,Sports,Male,-164,1786.68,Active
ORD6925,CUST2925,33,PROD2125,Pakistan,12/26/2020,10/28/2021,4,paused,2/2/2025,423.9,3,47,Sports,Refrigerator,Home,Female,1048,1271.6999999999998,Churned
ORD6926,CUST2926,27,PROD2126,Canada,3/6/2023,7/24/2024,2,active,5/21/2025,182.16,4,48,Clothing,T-Shirt,Clothing,Female,48,728.64,Active
ORD6927,CUST2927,30,PROD2127,USA,5/12/2022,6/29/2022,2,cancelled,7/28/2022,978.85,1,44,Sports,"Gaming Console",Electronics,Female,804,978.85,Churned
ORD6928,CUST2928,27,PROD2128,Germany,4/25/2022,5/14/2022,1,cancelled,11/25/2023,657.06,2,31,Home,Microwave,Home,Female,850,1314.12,Churned
ORD6929,CUST2929,18,PROD2129,USA,11/30/2020,9/14/2023,5,active,9/23/2021,6.78,8,41,Home,Smartphone,Electronics,Female,362,54.24,Churned
ORD6930,CUST2930,21,PROD2130,India,1/21/2021,10/24/2023,0,cancelled,11/29/2021,289.8,2,48,Sports,Jacket,Clothing,Male,322,579.6,Churned
ORD6931,CUST2931,19,PROD2131,USA,6/2/2022,1/26/2023,0,cancelled,9/19/2023,21.72,8,12,Clothing,Perfume,Beauty,Female,593,173.76,Churned
ORD6932,CUST2932,49,PROD2132,UK,6/7/2021,10/21/2022,1,cancelled,5/24/2025,780.1,1,32,Home,Smartphone,Electronics,Female,690,780.1,Churned
ORD6933,CUST2933,46,PROD2133,Canada,7/13/2022,1/1/2025,0,active,10/29/2024,460.48,3,8,Sports,"Bluetooth Speaker",Electronics,Male,-113,1381.44,Active
ORD6934,CUST2934,58,PROD2134,Germany,11/29/2021,2/20/2022,5,active,7/17/2024,332.45,6,1,Electronics,Lamp,Home,Female,933,1994.6999999999998,Churned
ORD6935,CUST2935,26,PROD2135,Germany,1/17/2022,4/6/2023,0,active,9/4/2024,66.25,4,2,Sports,T-Shirt,Clothing,Other,523,265,Churned
ORD6936,CUST2936,49,PROD2136,USA,11/9/2020,3/14/2022,0,cancelled,9/9/2021,132.92,8,14,Home,"Face Wash",Beauty,Male,911,1063.36,Churned
ORD6937,CUST2937,63,PROD2137,Germany,7/21/2022,1/9/2023,0,active,5/3/2024,187.24,9,5,Sports,"Gaming Console",Electronics,Female,610,1685.16,Churned
ORD6938,CUST2938,41,PROD2138,UK,3/1/2022,1/9/2024,2,paused,10/29/2022,1575.87,1,48,Home,Refrigerator,Home,Female,245,1575.87,Churned
ORD6939,CUST2939,50,PROD2139,India,8/20/2022,2/12/2024,0,active,7/9/2023,141.13,5,11,Electronics,Smartphone,Electronics,Male,211,705.65,Churned
ORD6940,CUST2940,46,PROD2140,Pakistan,9/8/2021,2/26/2025,5,active,11/5/2024,584.37,3,11,Sports,Dress,Clothing,Male,-169,1753.1100000000001,Active
ORD6941,CUST2941,59,PROD2141,USA,7/2/2022,11/17/2023,4,active,6/4/2023,389.05,5,17,Electronics,"Vacuum Cleaner",Home,Female,298,1945.25,Churned
ORD6942,CUST2942,61,PROD2142,Germany,3/29/2023,12/6/2024,2,active,4/26/2025,495.74,3,41,Home,Foundation,Beauty,Female,-87,1487.22,Active
ORD6943,CUST2943,60,PROD2143,Germany,4/25/2022,5/8/2025,5,active,11/2/2022,19.39,9,32,Sports,Lamp,Home,Male,-240,174.51,Active
ORD6944,CUST2944,35,PROD2144,UK,2/26/2023,6/29/2023,2,cancelled,6/27/2023,444.92,3,28,Electronics,Football,Sports,Male,439,1334.76,Churned
ORD6945,CUST2945,36,PROD2145,Canada,7/14/2022,11/23/2022,2,cancelled,12/26/2023,85.87,6,28,Home,Hoodie,Clothing,Female,657,515.22,Churned
ORD6946,CUST2946,64,PROD2146,UK,5/8/2021,11/21/2023,2,active,12/31/2023,382.88,3,1,Electronics,"Running Shoes",Sports,Female,294,1148.6399999999999,Churned
ORD6947,CUST2947,34,PROD2147,Canada,12/24/2020,12/11/2023,2,active,6/20/2024,177.29,9,44,Clothing,"Yoga Mat",Sports,Male,274,1595.61,Churned
ORD6948,CUST2948,67,PROD2148,UK,10/10/2020,9/27/2024,2,active,10/31/2024,130.54,6,11,Electronics,Skirt,Clothing,Male,-17,783.24,Active
ORD6949,CUST2949,27,PROD2149,Germany,4/27/2022,3/13/2025,5,active,9/10/2023,1249.74,1,5,Sports,"Yoga Mat",Sports,Female,-184,1249.74,Active
ORD6950,CUST2950,19,PROD2150,Germany,6/10/2022,9/19/2022,4,paused,12/8/2023,290.81,4,49,Sports,Jacket,Clothing,Male,722,1163.24,Churned
ORD6951,CUST2951,21,PROD2151,India,4/7/2021,7/9/2024,0,active,6/24/2021,366.09,5,5,Beauty,"Tennis Racket",Sports,Male,63,1830.4499999999998,"At Risk"
ORD6952,CUST2952,61,PROD2152,Pakistan,12/3/2022,5/5/2025,2,active,7/26/2025,34.53,3,36,Sports,Shirt,Clothing,Female,-237,103.59,Active
ORD6953,CUST2953,60,PROD2153,UK,12/18/2020,5/14/2024,0,active,7/14/2024,112.73,8,34,Sports,Perfume,Beauty,Female,119,901.84,Churned
ORD6954,CUST2954,62,PROD2154,Canada,5/23/2023,11/30/2023,2,cancelled,4/24/2024,1019.71,1,8,Beauty,Moisturizer,Beauty,Male,285,1019.71,Churned
ORD6955,CUST2955,51,PROD2155,India,2/11/2023,6/7/2025,4,active,8/10/2024,74.99,6,4,Clothing,Laptop,Electronics,Male,-270,449.93999999999994,Active
ORD6956,CUST2956,69,PROD2156,Pakistan,3/10/2023,11/29/2023,4,active,10/17/2023,434.02,4,44,Clothing,"Nail Polish",Beauty,Female,286,1736.08,Churned
ORD6957,CUST2957,42,PROD2157,UK,11/11/2020,3/19/2023,4,active,5/23/2021,358.32,4,32,Electronics,"Nail Polish",Beauty,Female,541,1433.28,Churned
ORD6958,CUST2958,54,PROD2158,Germany,9/7/2021,11/5/2023,4,active,2/26/2025,189.52,9,48,Home,Jeans,Clothing,Male,310,1705.68,Churned
ORD6959,CUST2959,55,PROD2159,India,3/3/2022,12/30/2023,0,paused,4/18/2022,239.76,3,19,Home,Conditioner,Beauty,Male,255,719.28,Churned
ORD6960,CUST2960,67,PROD2160,UK,1/20/2023,5/22/2025,4,cancelled,5/1/2024,43.42,9,5,Electronics,Sofa,Home,Male,-254,390.78000000000003,Active
ORD6961,CUST2961,37,PROD2161,Canada,2/2/2023,2/27/2025,4,active,1/29/2024,153.87,2,2,Home,"Vacuum Cleaner",Home,Male,-170,307.74,Active
ORD6962,CUST2962,21,PROD2162,UK,11/18/2021,3/15/2025,4,paused,1/7/2022,8.1,4,15,Electronics,"Face Wash",Beauty,Male,-186,32.4,Active
ORD6963,CUST2963,43,PROD2163,Canada,7/13/2022,1/16/2025,4,paused,7/13/2025,325.53,4,16,Sports,Hoodie,Clothing,Male,-128,1302.12,Active
ORD6964,CUST2964,58,PROD2164,India,1/21/2023,5/3/2023,3,paused,10/30/2023,211.46,8,6,Beauty,"Cycling Helmet",Sports,Male,496,1691.68,Churned
ORD6965,CUST2965,31,PROD2165,USA,8/6/2022,10/4/2023,0,active,4/19/2023,293.7,2,1,Clothing,Shirt,Clothing,Female,342,587.4,Churned
ORD6966,CUST2966,31,PROD2166,Pakistan,11/13/2022,3/13/2023,4,active,7/24/2024,157.86,8,41,Sports,"Dining Table",Home,Female,547,1262.88,Churned
ORD6967,CUST2967,42,PROD2167,UK,7/13/2023,4/3/2025,1,cancelled,11/16/2023,927.22,2,16,Electronics,"Cycling Helmet",Sports,Female,-205,1854.44,Active
ORD6968,CUST2968,57,PROD2168,USA,7/25/2022,4/14/2023,5,paused,2/24/2023,33.59,5,8,Home,Perfume,Beauty,Male,515,167.95000000000002,Churned
ORD6969,CUST2969,56,PROD2169,USA,11/13/2020,1/17/2021,4,active,4/12/2022,295.43,4,21,Sports,Jeans,Clothing,Female,1332,1181.72,Churned
ORD6970,CUST2970,33,PROD2170,India,8/10/2022,8/3/2024,1,cancelled,6/3/2025,91.9,9,23,Home,Perfume,Beauty,Male,38,827.1,Active
ORD6971,CUST2971,43,PROD2171,India,12/18/2021,9/17/2024,5,active,4/9/2023,531.37,2,18,Clothing,Smartwatch,Electronics,Male,-7,1062.74,Active
ORD6972,CUST2972,41,PROD2172,India,9/2/2021,11/2/2024,4,active,3/8/2023,143.44,4,38,Sports,"Bluetooth Speaker",Electronics,Male,-53,573.76,Active
ORD6973,CUST2973,46,PROD2173,UK,7/10/2023,6/12/2025,1,active,6/27/2025,432.84,4,46,Clothing,"Cycling Helmet",Sports,Male,-275,1731.36,Active
ORD6974,CUST2974,56,PROD2174,Pakistan,4/14/2021,6/1/2023,1,active,7/8/2025,61.63,4,13,Clothing,Smartphone,Electronics,Male,467,246.52,Churned
ORD6975,CUST2975,24,PROD2175,Germany,7/25/2022,9/9/2022,3,active,10/20/2022,146.29,7,28,Sports,Smartwatch,Electronics,Male,732,1024.03,Churned
ORD6976,CUST2976,28,PROD2176,UK,8/27/2022,11/23/2024,0,active,8/21/2023,142.63,2,35,Electronics,Sofa,Home,Female,-74,285.26,Active
ORD6977,CUST2977,61,PROD2177,India,4/2/2023,8/13/2025,3,active,12/15/2024,281.51,5,12,Clothing,"Running Shoes",Sports,Female,-337,1407.55,Active
ORD6978,CUST2978,61,PROD2178,UK,10/30/2021,1/9/2024,0,active,11/17/2024,314.29,4,46,Home,Skirt,Clothing,Male,245,1257.16,Churned
ORD6979,CUST2979,25,PROD2179,Pakistan,8/29/2020,11/7/2020,4,cancelled,12/28/2021,628.04,3,14,Electronics,Jacket,Clothing,Male,1403,1884.12,Churned
ORD6980,CUST2980,40,PROD2180,UK,3/20/2022,12/16/2022,3,paused,1/6/2023,145.3,3,28,Sports,T-Shirt,Clothing,Male,634,435.90000000000003,Churned
ORD6981,CUST2981,56,PROD2181,India,2/28/2022,12/1/2024,1,cancelled,7/13/2024,81.86,3,10,Electronics,Basketball,Sports,Male,-82,245.57999999999998,Active
ORD6982,CUST2982,26,PROD2182,Pakistan,4/8/2022,7/22/2025,0,active,8/26/2024,478.29,4,3,Home,Shampoo,Beauty,Female,-315,1913.16,Active
ORD6983,CUST2983,53,PROD2183,USA,7/15/2022,7/19/2022,4,paused,1/13/2023,386.17,2,9,Electronics,Refrigerator,Home,Female,784,772.34,Churned
ORD6984,CUST2984,23,PROD2184,India,3/12/2022,4/3/2024,2,active,6/28/2023,1902.06,1,28,Sports,Foundation,Beauty,Female,160,1902.06,Churned
ORD6985,CUST2985,52,PROD2185,UK,8/26/2022,8/21/2023,3,cancelled,2/6/2025,11.23,8,6,Sports,"Bluetooth Speaker",Electronics,Female,386,89.84,Churned
ORD6986,CUST2986,21,PROD2186,USA,1/24/2021,8/3/2024,1,active,5/3/2024,522.95,2,2,Clothing,Camera,Electronics,Female,38,1045.9,Active
ORD6987,CUST2987,65,PROD2187,Canada,12/5/2020,4/21/2024,3,active,1/24/2021,354.59,4,47,Electronics,Perfume,Beauty,Male,142,1418.36,Churned
ORD6988,CUST2988,50,PROD2188,Canada,1/20/2022,7/10/2024,0,active,7/3/2023,35.7,8,38,Clothing,Smartwatch,Electronics,Male,62,285.6,"At Risk"
ORD6989,CUST2989,36,PROD2189,Germany,3/23/2022,6/5/2025,2,cancelled,9/27/2023,394.6,5,43,Beauty,Lipstick,Beauty,Female,-268,1973,Active
ORD6990,CUST2990,69,PROD2190,Canada,8/17/2023,5/21/2025,4,paused,8/21/2023,71.62,5,17,Clothing,Football,Sports,Female,-253,358.1,Active
ORD6991,CUST2991,55,PROD2191,India,7/17/2022,12/16/2024,4,active,5/13/2023,260.37,3,36,Clothing,"Vacuum Cleaner",Home,Male,-97,781.11,Active
ORD6992,CUST2992,35,PROD2192,Germany,3/5/2021,11/14/2023,5,active,2/2/2025,281.42,3,46,Electronics,Tablet,Electronics,Male,301,844.26,Churned
ORD6993,CUST2993,23,PROD2193,Pakistan,11/28/2020,8/9/2021,3,active,5/20/2025,54.05,9,29,Clothing,"Dining Table",Home,Female,1128,486.45,Churned
ORD6994,CUST2994,40,PROD2194,India,2/7/2021,2/15/2024,4,active,12/26/2023,77.92,4,5,Home,Dress,Clothing,Male,208,311.68,Churned
ORD6995,CUST2995,27,PROD2195,UK,7/11/2021,7/22/2023,0,active,7/23/2022,30.34,7,25,Beauty,Sneakers,Clothing,Female,416,212.38,Churned
ORD6996,CUST2996,59,PROD2196,Canada,11/26/2022,10/29/2023,4,paused,3/5/2024,381.38,3,12,Electronics,Chair,Home,Male,317,1144.1399999999999,Churned
ORD6997,CUST2997,41,PROD2197,India,4/20/2022,8/15/2022,1,active,4/29/2023,305.05,6,38,Beauty,Lipstick,Beauty,Male,757,1830.3000000000002,Churned
ORD6998,CUST2998,20,PROD2198,USA,5/16/2021,12/15/2024,0,active,2/17/2022,229.14,1,49,Beauty,"Face Wash",Beauty,Male,-96,229.14,Active
ORD6999,CUST2999,54,PROD2199,India,1/31/2023,7/25/2023,5,cancelled,5/31/2024,4.41,7,24,Beauty,Hoodie,Clothing,Male,413,30.87,Churned
